Country,1965,1966,1967,1968,1969,1970,1971,1972,1973,1974,1975,1976,1977,1978,1979,1980,1981,1982,1983,1984,1985,1986,1987,1988,1989,1990,1991,1992,1993,1994,1995,1996,1997,1998,1999,2000,2001,2002,2003,2004,2005,2006,2007,2008,2009,2010,2011,2012,2013,2014,2015,2016,2017,2018,2019,2020,2021,2022
Algeria,0.08939753150905967,0.1073970938284725,0.1016906643927515,0.1092419525486499,0.1207410887291849,0.132332035245204,0.1430382456383079,0.160732255771973,0.1917024388639897,0.2120721593732357,0.2533308540580198,0.2955675972212106,0.324765378303796,0.408101304008238,0.5347447670880259,0.6377146132497042,0.7746702598870249,0.8932036086552143,0.9754799861846268,0.936706300146699,0.9442676865882873,0.9989659835379571,1.026605151322335,1.099518584666096,1.069445768135011,1.133905428034656,1.123542300067872,1.15281680049102,1.072781938304827,1.086915973938331,1.127321406989932,1.115729035386376,1.072295109116711,1.110056378276423,1.121163025066346,1.079804308789645,1.118926664499567,1.159021888513108,1.212919618906763,1.259200078039732,1.318577520680207,1.365192165361703,1.438703178464555,1.524804970744595,1.61589361761899,1.580381610144072,1.672157789232904,1.827618719675123,1.933116544953079,2.108207796818201,2.223065218811892,2.22118502225183,2.245660803353507,2.410631230326518,2.49965598788289,2.336035823471251,2.531046736822506,2.46553111398695
Argentina,1.182699451534951,1.221029143014772,1.256516110563715,1.299039982843966,1.342478437910457,1.272551488782843,1.34907008816004,1.366012556095463,1.427247941428454,1.484200350395292,1.449256345349513,1.521770234448808,1.589250066259112,1.591657307240916,1.708761473360638,1.699269194861415,1.648668600047745,1.679445989290537,1.74874902530228,1.754438592089918,1.733828325657568,1.831984651756987,1.914613870000592,1.946656428805192,1.877187053882533,1.846878100330652,1.876849757153763,2.013513742814848,2.080233329727204,2.191540281881876,2.261651274943629,2.365662487193656,2.393118501091534,2.478330486583433,2.505837873757487,2.515597317634291,2.457087370677555,2.356104504863662,2.525420273197758,2.68134237604624,2.845826707624734,2.989953604149103,3.116323739534152,3.157841022013164,3.069038966932753,3.182289378228846,3.272727728730471,3.397343361057716,3.533033350814049,3.527487747959253,3.588984192132172,3.57272710328534,3.569029639719111,3.54364422087548,3.338490065296347,3.131384057375795,3.476418391832212,3.603503860292122
Australia,1.532736112126098,1.605965501156877,1.703134949079956,1.806097511619107,1.880741748765344,2.05236579903899,2.155707452118206,2.253942072272085,2.409681342981123,2.562843856378646,2.606040677865224,2.696717485849986,2.829486635764729,2.920395135927587,3.028649130723538,3.039289061191188,3.088058044739586,3.059710073991194,2.955380983117437,3.068712086934427,3.159251649261346,3.221657984595762,3.316254506094476,3.468422483776897,3.643501650045886,3.719014110266644,3.691101066201439,3.751877733136834,3.830681830820108,3.979677940551479,4.155476301032613,4.277292702109682,4.382236922327154,4.486789944703682,4.670450472681767,4.698934276382222,4.73538707107401,4.830282436436892,4.899104243363636,5.055998844260502,5.077260750701205,5.295016473314414,5.422201300650163,5.514283643004272,5.434360403556292,5.431819073449782,5.610968457211442,5.530006712927098,5.600110236365869,5.639249267886898,5.765587684619166,5.784359231649402,5.767091987070025,5.851674159078405,6.048920311680979,5.713495372154524,5.733323135240981,5.980277667455198
Austria,0.6821938200495934,0.7139702530867564,0.7213085579437295,0.7712696418360573,0.7989353923357815,0.9149372487233474,0.9111029040750361,0.9425727577664839,1.013436471554725,1.0186637698671,1.011828883570448,1.047217325256926,1.049751700413517,1.09508338806985,1.15998182737307,1.155145702094819,1.121472423570372,1.084757897664314,1.08178263052377,1.07088702199827,1.136900124367717,1.139164598703033,1.202468494083721,1.184875102593222,1.191503673548278,1.206602850982159,1.265448067611793,1.245495210530207,1.26765001784128,1.259890004633276,1.321310772330358,1.323014279815222,1.350965178867238,1.372615821919364,1.40417528106546,1.40909639342899,1.45932191346449,1.461625031804483,1.476913490441878,1.504333316381665,1.531651471833022,1.515631769833294,1.48317145835671,1.51203360145218,1.464641832053684,1.512563611910529,1.425847522223676,1.492286998140205,1.480331931627248,1.421272935906684,1.421440170105554,1.468740699743141,1.501934779970919,1.469926759968043,1.544499620859046,1.4439669661352,1.453120338229881,1.373727410646038
Azerbaijan,0.0,0.0,0.0,0.0,0.0,0.0,0.0,0.0,0.0,0.0,0.0,0.0,0.0,0.0,0.0,0.0,0.0,0.0,0.0,0.0,0.8458218122089901,0.9102038834826093,0.8820819867471356,0.8827355188991187,0.9001866524226172,0.9379844270065338,0.901264505751897,0.7718177465473028,0.6695287657225861,0.6151129028797256,0.5783327966505407,0.4742665527211976,0.4541567170605063,0.4559226164431496,0.454872279886878,0.4753988474958086,0.4580188943942803,0.4521910973948265,0.4897267245791621,0.554032547586317,0.6006145942587553,0.5907296296628277,0.5438560406428402,0.5486143376694743,0.4710847207186508,0.4641890256249447,0.5277492819352685,0.5442034650895775,0.5567481057492192,0.566233974114204,0.6192167812634244,0.6137607393769431,0.6023351611440135,0.6175786684793095,0.6463872673794214,0.659194104081922,0.7044558068924414,0.6990926175309269
Bangladesh,0.0,0.0,0.0,0.0,0.0,0.0,0.04826476599630863,0.05468616855871827,0.0701289125412494,0.07468758449422419,0.0767919941934049,0.0896148417273581,0.09157755798301698,0.09728612891438604,0.1072616286637634,0.1251013729865134,0.1326228993936825,0.1463088460111706,0.1446846949286555,0.1563930818588151,0.1737867726810098,0.189131670937479,0.2087443697553484,0.2324749428649923,0.2506112921457787,0.2658830489177004,0.2565165959271121,0.2797579936512133,0.307568716209931,0.3264842669328865,0.3855910481224022,0.4039288689035757,0.4244069227380455,0.4520130604579335,0.4571473259491007,0.4900349931418443,0.5601059682328731,0.5616835486143769,0.5936972086433687,0.6302832040026582,0.682730505949575,0.7387532708086166,0.7566026328218056,0.8002420267095969,0.8772334919527086,0.9006377438720776,0.9768251856495906,1.061187275749846,1.104120539996006,1.145771989441055,1.386815430910181,1.389585957179169,1.452717935130247,1.549776032132293,1.737712400685982,1.645459978811267,1.726109778905917,1.794610474172326
Belarus,0.0,0.0,0.0,0.0,0.0,0.0,0.0,0.0,0.0,0.0,0.0,0.0,0.0,0.0,0.0,0.0,0.0,0.0,0.0,0.0,1.468957363446326,1.677018054968852,1.701429670927353,1.72585787704965,1.6691783689714,1.677501005235492,1.673662346653968,1.451360526287846,1.21360386738365,1.014528711921138,0.9025419213511596,0.9256974587881198,0.9363638525802093,0.9156626854106206,0.8906999233985609,0.9182169667837221,0.8926563567238908,0.9234942026742643,0.9165110700394001,1.026290312394665,1.022941135554124,1.087727379966937,1.061186014624216,1.075175838847579,1.017225158851554,1.102494104421546,1.082638386420787,1.171071038331609,1.061361167518645,1.061798277849078,0.9613088555875822,0.9822309244909718,1.000327609471791,1.106109691620073,1.111775085684795,1.032417855580528,1.100330419451683,1.068656029577377
Belgium,1.486588339429632,1.432292309534461,1.503557538856692,1.675501190529814,1.838789418167778,1.942527749017245,1.905603702626726,2.025838322470616,2.053173443311474,1.982817342332903,1.864869241618744,1.978485567048428,1.982168744586152,2.068971423813251,2.128762508101383,2.037982869429404,1.937869824209991,1.853568004953481,1.796289488629323,1.877316558567493,1.959725743067329,2.022205894642144,2.083246647062102,2.124734311452469,2.140453692629042,2.236869482555083,2.314367208142746,2.309433532807499,2.27225848433252,2.390068979452407,2.419631385259557,2.569973269388091,2.596542846711954,2.647391271876508,2.628507548294762,2.676054435952866,2.652691515714085,2.640508101827392,2.742087676361931,2.752631867493346,2.722024206786549,2.729668032909491,2.74848851039564,2.792642433547241,2.577056988519023,2.752996664451674,2.568931698814906,2.465725204036906,2.526948419160127,2.343138386046916,2.366793737913327,2.554194600610648,2.577786775077447,2.5711889917449122,2.658344622722489,2.390516984484802,2.658219121038649,2.450366100731859
Brazil,0.9859306512542803,1.075608498058341,1.114484731755488,1.272549694864105,1.38892317578274,1.63211010817451,1.818817421904965,2.077137734298403,2.446639522618928,2.726617376578179,2.877556513894074,3.150570190233469,3.360115692828328,3.716165537471727,4.055236961672511,4.151239220910899,4.068137310307037,4.277384801917886,4.326432537759151,4.606914321295401,4.937950907002969,5.2086621646369204,5.353017670166325,5.518311092454622,5.674623843801954,5.637570181476972,5.819739629408967,5.90150079545664,6.17473153352364,6.475883802185749,6.88605387407816,7.291255366403721,7.751710479096304,8.0248995699393,8.116624135201793,8.48435121627653,8.272200570280937,8.460467687644435,8.620636122003706,9.039802924585317,9.275024902795531,9.530622342834018,10.14436661318883,10.58123918123217,10.50691820579684,11.46613231795887,11.86484309890782,12.21235438523995,12.50618272288823,12.83190631741912,12.661045094629,12.35579542418728,12.4667757334202,12.51348605389323,12.71862253631625,12.21972549043554,12.85441077356031,13.40953085820814
Bulgaria,0.43173234437078,0.4628355297294712,0.5376262772596312,0.6009753733625793,0.6698437277181005,0.753690490925746,0.7847892028132916,0.8075457661949873,0.8390649382778406,0.8641100242033124,0.9551260467265844,1.011613877019835,1.066055593143272,1.103839677389526,1.145713443090868,1.209571069532061,1.191723645188856,1.220852774922419,1.229139558101606,1.222015530349732,1.212763148967075,1.237083867067385,1.246660842995334,1.275726718558145,1.264636928061795,1.170509406754851,0.9471937667657853,0.891230775906682,0.9506145642015458,0.9145747321530819,0.9830645720309497,0.9791927509762526,0.9259479482621908,0.8904459119335651,0.7823470468736649,0.7830050416512013,0.8093519005167962,0.785037761640358,0.8116242137814045,0.7847969456966051,0.8503201797492065,0.8667793305738128,0.8379536384464908,0.8291279782400196,0.7279724243584675,0.7615473233892263,0.8090385905175701,0.7691703815076858,0.7131898636286348,0.76158124595187,0.8088495208779186,0.7672225983676344,0.7854281462329566,0.7877439764508486,0.7615731005990654,0.7033474197122842,0.7986234640493318,0.8343966549982696
Canada,5.000530280350423,5.323647965792381,5.566649530334307,5.924124686071851,6.283252246642549,6.72682802136791,6.937723557740354,7.467378789278621,8.1091564218425,8.364237272638398,8.240174701665307,8.629160023589707,9.127953024947596,9.303178612975943,9.576737715433442,9.76209659332527,9.704772414738846,9.412660257397222,9.361098110376908,9.958185233087445,10.28619026293275,10.38572655288492,10.71940785192145,11.14864519589918,11.25861181659578,10.83089500679107,10.87498024460822,11.16621086897485,11.44802393290492,11.88416082948583,12.17479302034226,12.50652943631754,12.56848293056097,12.38820947941738,12.78327272547417,13.13096242258669,12.85955220540522,13.29621407001084,13.35967647386818,13.56504337266433,13.65572091596636,13.57901966339844,14.09704002753598,13.92936369090435,13.38371339983698,13.5089268568292,14.01833529796426,14.06103880605879,14.3965897182991,14.42788713291278,14.521902647743,14.32446263454006,14.54257950363352,14.67386647462566,14.58618168418942,13.70776231312552,13.83729777622342,14.14261888326682
Central America,0.1579631261965915,0.163791552060502,0.1716734477404316,0.1783801327565016,0.1872860702351318,0.19644365590284,0.2039402148475347,0.2166903983434167,0.2369817717190017,0.2524394279425906,0.2782032908598921,0.2952205061928908,0.312207288989157,0.3275982778286561,0.3385490250020666,0.3282738264388172,0.3265812420886505,0.3248060866171727,0.325743351750134,0.3407019326186855,0.3538599594103289,0.3664284853966819,0.3901381754203612,0.388214195607361,0.4127428815054373,0.4273465654050597,0.4518547410134488,0.4943003069653287,0.5311415735188803,0.5626619447668304,0.6065864240357541,0.616544175916033,0.6501164959905168,0.7212194605626792,0.7461357349388891,0.7739780319634519,0.7986972940734631,0.8182251021189586,0.8526006505562691,0.8825533632766565,0.8888253020543573,0.938740067097811,0.9771723746666794,1.008840516604323,0.9890174893253914,1.031762567365391,1.056489366151387,1.101470067103946,1.119001316019194,1.152638026633554,1.269504763231453,1.326771558526787,1.375139788686283,1.399860666972819,1.471391582581802,1.343115280302074,1.511345894939426,1.571506931047517
Chile,0.2607581951330471,0.2796306641391754,0.2850778049324989,0.2838920460951329,0.3059870576574993,0.323077965932684,0.3495935682854571,0.3562022659995608,0.3446708720738648,0.3453381075928858,0.3125811178858326,0.3245897335401681,0.3397608825138325,0.3531711640751144,0.3728753610280824,0.3851152843295813,0.3872977737324974,0.3622722210067651,0.3763492640861827,0.3906884708694309,0.3956395667999303,0.4109946390074253,0.4313977562326473,0.481380393784157,0.5321605881341225,0.5604501947660804,0.6298711463934467,0.699098325271484,0.7388210998384812,0.775732513440679,0.8360479874054856,0.8850419458847141,1.011811358109482,1.013312986086614,1.055214810689106,1.106608471112974,1.128041673402907,1.154885087167637,1.160963089657867,1.239476392587779,1.286376900938389,1.330856337213646,1.329474958251526,1.329500389267842,1.275740660542581,1.310211566824742,1.388562486279638,1.449887664118907,1.489533553677868,1.474322168875659,1.491227289764576,1.562052117305329,1.621248811696872,1.685799635748908,1.706323407690747,1.592919537958429,1.716685227941691,1.788522280224552
China,5.530299152768818,6.009508570054991,5.403846310686221,5.46010507252364,6.642670077573936,8.502114446644235,10.08044698024429,10.86781202523265,11.47281470651542,11.832342163951,13.24958926363329,13.94937590031497,15.21054782591668,16.67531773542303,17.17857280824881,17.37912226752475,17.14985889066848,17.91673284727282,19.07171390234685,20.4665200958252,22.14133583539777,23.19878282792589,25.02086028165733,26.88160394812896,28.21117153774025,28.57769756100349,30.01539837639602,31.58535073907268,34.04748214925002,36.17572381926178,37.26957035188997,39.2668179994058,39.53208045969437,39.60203896822217,40.98984422113326,42.48102342232893,44.89222731702122,48.8897662671763,56.94752258035648,66.63288800638884,75.69779449435721,82.9741234481137,90.17745930832932,93.66840373898589,97.77203656986458,104.6001941210274,112.8115283428523,117.4472120939134,121.8692340769939,125.0262307333927,126.4854882951968,127.0018095377472,131.9389311308657,138.2973529551414,144.7440621975682,149.4497174217672,157.9430545037227,159.3932980998783
China Hong Kong SAR,0.09468724299222231,0.1026929570361972,0.1212940914556384,0.1311411194037646,0.1540797904599458,0.1655340342549607,0.1748147647595033,0.1985547137446702,0.2059274762577843,0.2108070850081276,0.1984575433016289,0.2343275056919083,0.253021687240107,0.2628606642683735,0.2691466637770645,0.275024971779203,0.2930730876978487,0.3216610848903656,0.3410747721791267,0.3494259864091873,0.3627656847238541,0.3801272958517075,0.4176702052354813,0.4811366945505142,0.5142940580844879,0.5016878694295883,0.5198018997907639,0.6117441058158875,0.6678082942962646,0.6051344126462936,0.6504502921817947,0.6501276813699051,0.6576951912742112,0.6704415580112808,0.6790383087595779,0.7109111389372,0.8979128126338354,0.8763570967998007,0.9050595789393274,1.013496992789243,0.9723256744568232,1.02870889542629,1.09445204464789,1.018271827226686,1.111890010291619,1.1562325180829,1.185591810218018,1.139362049663731,1.170197332014337,1.142048591904373,1.175382318936732,1.206411344691033,1.294180851365413,1.309233939722642,1.241111034051525,0.9294246254329631,0.8759747662826861,0.785943436801368
Colombia,0.351624143689394,0.3957380462210178,0.4170997487771511,0.4330271329624176,0.4384171324188232,0.4803585355669975,0.4752461314022064,0.547896063248539,0.5299073434648514,0.5927772024204254,0.5602855286565334,0.5841274721171975,0.6035531208742321,0.6342725182059825,0.6599825671162993,0.6866438870081842,0.696405880913493,0.7165378328844905,0.7546306946686864,0.7645629679468244,0.7900316438569933,0.8278680499637247,0.9045752737248987,0.9039320695913404,0.9521468644065947,0.9089321304200262,0.9330079566017986,0.9666212905722678,1.051870791658896,1.139002807384932,1.16540914826563,1.211755984545404,1.231811236997634,1.247476087981343,1.162348446867669,1.131063640169762,1.140712880921968,1.140970052604677,1.162308221246257,1.222310286921352,1.203485532291855,1.389552256920924,1.41217633882551,1.470527908485127,1.453616139912526,1.528563711321366,1.597667781557163,1.698959081050394,1.746142631831537,1.838109151494131,1.740251439857989,1.960622188706807,1.978927615022032,2.010307442579993,2.027492517893661,1.845309369361907,2.067475337755206,2.193637308574645
Croatia,0.0,0.0,0.0,0.0,0.0,0.0,0.0,0.0,0.0,0.0,0.0,0.0,0.0,0.0,0.0,0.0,0.0,0.0,0.0,0.0,0.0,0.0,0.0,0.0,0.0,0.3629520907926705,0.3016423620527428,0.2898845131010359,0.3024216586811639,0.3055078520905083,0.3162587371048685,0.3392677202621814,0.3360912752379298,0.3554328158782657,0.3676120629473981,0.3475793435340762,0.3654574202376604,0.3658396071791172,0.3827505689979076,0.3979478500907603,0.3934256685612336,0.3886192928349085,0.3904374643327852,0.3883121223646278,0.3833596336173014,0.3897512257470414,0.3400137929211045,0.3153409496707408,0.3458627929887231,0.3456314939887459,0.3276715818334998,0.3410300275287625,0.3412202452531322,0.353377570948449,0.3449274911601198,0.3289624889216189,0.353923496288047,0.3405067167203342
Cyprus,0.01684890128672123,0.01921907626092434,0.02083411626517773,0.02313810586929321,0.02732325717806816,0.02881738543510437,0.03437465056777,0.03865328431129456,0.04146901145577431,0.03676710277795792,0.03070882707834244,0.03122301399707794,0.03526914119720459,0.03616014868021011,0.03669419884681702,0.03700319305062294,0.03548229858279228,0.04252965003252029,0.04475044831633568,0.04540495947003365,0.0488353653345257,0.05091637652367353,0.06221097148954868,0.06424202187918127,0.06592331686988473,0.0693883306812495,0.07024376280605793,0.08206804469227791,0.08528464240953326,0.08543649362400174,0.09083042107522488,0.09217734495177865,0.09306583926081657,0.0988077818765305,0.1039704476715997,0.1089399785269052,0.1101947478018701,0.108669369132258,0.1155178832123056,0.1124221091395157,0.125974029916506,0.1238829576286662,0.1259517681974103,0.1290790447383188,0.1260128294234164,0.1226017266162671,0.1214105085819028,0.1137778797319697,0.1018024333070571,0.1018598276859848,0.1050641114561586,0.1142529765966174,0.1173444722517161,0.1168637105729431,0.1169766036618967,0.1018127389252186,0.1074311400880106,0.1142552723758854
Czech Republic,1.687601368376183,1.700224255407953,1.673784529666901,1.745611884728789,1.819918789259457,1.896737410606146,1.993324103288829,2.004643493851709,2.016592618357003,2.038217291996145,2.121478511231375,2.180623177299738,2.252334583073067,2.283849327570343,2.307993737709356,2.235008646354556,2.218410916751743,2.192416398614669,2.195918915454436,2.2690876202667,2.273435360877371,2.298792039030766,2.351718348780012,2.362008885596752,2.289600197003746,1.968278573612046,1.791500697180307,1.738725900658663,1.72414534764231,1.67945414172655,1.7503702448327,1.810518994630237,1.736351680456668,1.685775550168449,1.616353107343416,1.708213498795155,1.746979108303496,1.752323577138916,1.852380551528996,1.900168301866566,1.87067513105893,1.906039348975491,1.885339008404563,1.849027559073885,1.7741195154993,1.849136346083537,1.807112722088116,1.79797794815875,1.764795795343924,1.727771478968698,1.694576455157665,1.671745632635987,1.766092504726002,1.760483636979219,1.720450854783428,1.593239307956204,1.679484372182491,1.671396030900267
Denmark,0.5983497890410945,0.680613875418203,0.6844444962916896,0.7152006935793906,0.8209677407576237,0.8747619276109617,0.8266865757468622,0.8724321571353357,0.8440904353919905,0.7679300268355291,0.7568621200043708,0.8331954301684164,0.850281387596624,0.8626269033666176,0.8608990827851812,0.8386592202878091,0.7532905145781115,0.7199797477078391,0.6844089478758779,0.6958536990815618,0.7841365604758166,0.8015165878498168,0.7727066084988667,0.7643024800971033,0.704932310252371,0.7270596425380834,0.838273369609695,0.7852924604896061,0.8326934527237693,0.8930013501090024,0.8770308264591394,1.043600058681769,0.9467926823885545,0.9132887817649377,0.8857759942530605,0.851469846117704,0.8539793904162906,0.8523196273780138,0.9188372057350387,0.8699463255564085,0.81935661981464,0.9056251752756818,0.8590813625188715,0.8158369147379582,0.7724773034811845,0.8205769991110163,0.7709507811805347,0.7170919272858439,0.748020681219324,0.7200070377717929,0.7013567330944728,0.7122202637443457,0.7157957097988188,0.7067199931114788,0.6914564881731737,0.6161749559200385,0.6775420029256268,0.6818278409554888
Eastern Africa,0.3930835542155364,0.4294451663869995,0.445847424739627,0.4616631357877895,0.4959999864042447,0.557848985145215,0.5615039884289262,0.5812292981965629,0.6148382628427543,0.6412737536222312,0.6293888266420299,0.6803376838117446,0.6884735736413904,0.6721562969862179,0.6911744549184732,0.6890223446439722,0.6797800597074456,0.6662099390846651,0.688530933535303,0.6741191903760773,0.7094507863921308,0.7202971006796816,0.7195970128230874,0.7816810836750437,0.7781572385723166,0.8743950593441605,0.8388298758676,0.8248829868149005,0.8889599286322163,0.886640764634917,0.8958454429846825,0.8884182769550534,0.9434148527423712,1.006533584111027,1.030808943990849,1.022030254183048,1.11220479448792,1.126802059444119,1.135349417981949,1.209341949827181,1.265142557842828,1.313689530000759,1.383410339896029,1.371807722481738,1.457505093654568,1.583679364271987,1.650174506026655,1.725503819080265,1.871338184228217,2.050829934056868,2.136560018959108,2.107265846868196,2.250441396548649,2.350095198603833,2.375419502460016,2.288732113835453,2.46930840778987,2.550055622308847
Ecuador,0.03116494091227651,0.03280496993102133,0.03549470449797809,0.04191132518462837,0.04452982218936086,0.05318289050947309,0.0584328783314991,0.06105319855156278,0.06534705370139479,0.0762760078243196,0.07724988957485557,0.08504905708725047,0.1011363308468535,0.1057822608403325,0.110152941965601,0.1397452566333709,0.154998201637279,0.170324595828053,0.1668196293273086,0.1856546675431499,0.2194858115445423,0.2300610059939976,0.2371154674866333,0.2738564909667626,0.2824111365789089,0.2915355759306642,0.3219793197763977,0.3203258557226836,0.3320331314133186,0.3611618349027931,0.3413455425208847,0.3884886393583284,0.4327964359961099,0.4350385648975978,0.3968305488802664,0.3748637549994918,0.379738654837523,0.3747937393872636,0.3837867273220582,0.4106013843640665,0.4346092715540306,0.4596684314121356,0.4833091987059873,0.5158263733613448,0.5032984356241725,0.558699206383119,0.592719462785265,0.6261603613641419,0.6462329601707298,0.6788273965757516,0.6769661062426926,0.674653818363695,0.7007626767976284,0.7412124539303134,0.7592647881235184,0.6569167131095485,0.7639618238786302,0.7873801438683133
Egypt,0.3300300394705296,0.3472658885971546,0.2973053125993252,0.3208232881829977,0.2641506082828283,0.3291538563623428,0.3383653695761561,0.3754440452422142,0.3548618664867162,0.4033343505599499,0.4474375915807486,0.535046555657506,0.5805771862461567,0.6132737157020569,0.6698941147940158,0.7619839926804304,0.8679432312510014,0.9683950075118541,1.046924824501395,1.141604464399099,1.183857977589488,1.210739578926086,1.283868726702452,1.302756554517031,1.373283838406563,1.408764506137848,1.427157640597343,1.413453771043301,1.414486172549486,1.487619055825472,1.576154195647836,1.660596524012089,1.729801370111704,1.801106211321354,1.932799602640434,2.0467204018794,2.135929780373536,2.196877759036049,2.325569928193018,2.455393794635981,2.517899881834686,2.651919615323097,2.824485795268208,2.994617285759509,3.102016832433701,3.222402373360634,3.377084912251115,3.51077581620419,3.485318806570292,3.44119229268343,3.498193443931807,3.692097889255214,3.837248641861186,3.841747488506023,3.771680764315736,3.541444747499257,3.791488544394105,3.979685929863443
Estonia,0.0,0.0,0.0,0.0,0.0,0.0,0.0,0.0,0.0,0.0,0.0,0.0,0.0,0.0,0.0,0.0,0.0,0.0,0.0,0.0,0.4264294104306044,0.424378270106611,0.430798867622097,0.4234783146391928,0.4364101979743063,0.4592538089202881,0.4202355225543976,0.2929967550972938,0.2433129316176414,0.2467396876470566,0.2237966382749861,0.2376451226518949,0.2340992042360299,0.2099920778267514,0.193453097313347,0.1997530576487004,0.2082340667477157,0.2073811651634657,0.2261667731492929,0.230767495554412,0.2320782432383617,0.2292523917072821,0.2655190071927065,0.2442743641689982,0.2113823149642903,0.2633352390185593,0.2626681786432596,0.2645379175282318,0.2788654438222408,0.2669677843785372,0.2470318156394851,0.2547469434431724,0.2825443886307064,0.2803475998103063,0.225945934178304,0.2116294144497283,0.2218524582568343,0.2220063333538759
Finland,0.4154529869556427,0.4729145169258118,0.49770787358284,0.5401110872626305,0.593713715672493,0.6541506946086884,0.6716929748654366,0.7081583738327026,0.7804027274250984,0.7485815558433533,0.7605047151594162,0.8065435456404686,0.8529915488460064,0.8853162993726731,0.957046670469284,0.9527859293856621,0.9620292282104492,0.9500166616477966,0.940919345090866,0.980424250658989,1.028668099176407,1.040495799231529,1.095479431028366,1.088311120535851,1.093009097614288,1.163696140962601,1.19072842686367,1.186830491690874,1.197038924180031,1.256600736383915,1.197818668661594,1.250923591835022,1.268570850978374,1.311279837959766,1.285737177777767,1.292795251143932,1.320817136596203,1.327565134065779,1.421739725683164,1.415714231520278,1.287171540377617,1.380644028039129,1.375892716424767,1.326583929119613,1.22863573163937,1.336646244295239,1.259722460395068,1.22565155429174,1.230481840088829,1.18736247354345,1.184016008721769,1.20270004060252,1.17797730947268,1.201827567087769,1.177136454594582,1.1274165596672,1.151243823806226,1.176179230553031
France,4.714761543014102,4.828740435815993,5.13783012527381,5.423608220281215,5.977049082037459,6.491581005326997,6.749251848353209,7.214726200104907,7.833404357095893,7.693199974407296,7.247607889380128,7.714793621331396,7.817439052898447,8.167289789905483,8.408309643831279,8.30585064879499,8.225473909863961,7.921899876589352,8.118975701519885,8.392365743039985,8.66352884554901,8.878963653133932,9.043093123663729,9.163876810299508,9.280494263675344,9.568271228228307,10.17058530006862,10.25582277846414,10.25772852699017,10.13101267665606,10.3715074588375,10.7568049681559,10.61067165572465,10.85374221404322,11.04554903257563,11.18631353620135,11.32351312420128,11.20719313925176,11.32258993743382,11.41548605527166,11.34864201126297,11.25767100098099,11.06046629149781,11.09489010232301,10.4759045207494,10.79184452644367,10.37632421662418,10.37222898810669,10.47034119536934,10.0286749152016,10.09127908845921,9.917974290910484,9.844847947100039,10.02754039038195,9.813005917483927,8.835589017569319,9.400429443308937,8.387661108627874
Germany,10.68945586797409,10.71720436216522,10.68995267290234,11.4134858347009,12.31120110767388,12.99965933335833,13.11680484377217,13.57280136617523,14.35447514329471,14.10489881626104,13.55244453794314,14.46085604298866,14.42588611700237,14.94783662704092,15.77847094148404,15.26123717385218,14.78603990280952,14.2649669285743,14.4666414645822,15.00116761022418,15.44518368519149,15.31683404306052,15.44824143621382,15.50075589603897,15.33668255177577,15.09350935111821,14.72631399123692,14.43361537289426,14.36949539892126,14.23501920710347,14.30926232270066,14.7810447578477,14.59147380589424,14.47067364282271,14.26881730290455,14.35744517022729,14.62607701411307,14.44220259572029,14.43769550434983,14.4356157090662,14.2654729063248,14.62458364555893,14.01632924562568,14.16478063109062,13.29184875584704,13.84974059668422,13.35811076059795,13.5428931004281,13.92666980251169,13.35765972433901,13.6110896796751,13.8343813927958,14.01362401168704,13.66245882822371,13.31067888768458,12.41265715437651,12.77804185856044,12.29863242694509
Greece,0.2849262673407793,0.3119402378797531,0.3434318397194147,0.3568979315459728,0.3769987225532532,0.4189056307077408,0.4990777391940355,0.5598593167960644,0.6441610474139452,0.629776818677783,0.7138428259640932,0.7886658739298582,0.8178844656795263,0.832257442176342,0.7309314720332623,0.7239879481494427,0.7074636295437813,0.717059396601057,0.7210756096387148,0.752895475100708,0.7952778976488113,0.7969683898682595,0.8714890069249956,0.9201620324849455,0.9974509557904093,1.03432489445011,1.049336275178402,1.067826305697673,1.081911009775998,1.10031622525734,1.140458554943563,1.169282222983603,1.202557519219283,1.277182471656943,1.276937503557055,1.342987550377034,1.353690803495681,1.354934044226831,1.433937774048713,1.433636583006301,1.43858217123878,1.480701250927071,1.509661465293789,1.481706293590956,1.427032194543429,1.362374467483318,1.33662443115883,1.257487192746523,1.181891972091636,1.108476787902962,1.12220315201653,1.105093076880544,1.159837401231795,1.166581238320327,1.140712401713255,0.996945270967508,1.089043699897338,1.13691811993542
Hungary,0.6659114875681534,0.6748662607137859,0.6440127510800235,0.6681811715150304,0.7155447887540072,0.7709028507818834,0.795949213114898,0.821800788841641,0.8898985794506684,0.9171411682073988,0.9709881474643022,1.037357024473971,1.090726763410075,1.166535631831907,1.155138175002171,1.158619651500104,1.146891698230004,1.151977418352581,1.132128277963114,1.162862146501708,1.200172351091981,1.194567879535942,1.247953390935011,1.219162644746084,1.187658566765624,1.163719535696533,1.086844428418305,1.042747087781228,1.00382872781916,1.020904861376569,1.032481891925368,1.052095184707109,1.026709934906345,1.042117384505678,1.041615914841574,1.010888276558477,1.035519501938757,1.011283799516115,1.023793625765927,1.04013633681576,1.109078082929727,1.087417981804328,1.073107781744443,1.058027411477327,0.9816781777831763,1.000177371927462,0.9700703113394679,0.9040175121515395,0.8569490600034968,0.8577675899547935,0.9037427998960168,0.9197812546172143,0.9694564352047593,0.9763292812522203,0.9896129782371372,0.9731782729191036,1.022359808310965,0.956639578301713
Iceland,0.02729890710907057,0.02862720565462951,0.02836613926046994,0.03000400701421313,0.02995979181832809,0.03637398353748722,0.03959072504585492,0.04305928234316525,0.05206534969147469,0.05078826594672137,0.0487336055311971,0.05039000588931231,0.0533255051686865,0.05566884726704302,0.05807382208877243,0.05890186026226729,0.06005173176527023,0.06164426007308066,0.06366344180423766,0.06698139384388924,0.06627639022190124,0.06929794722236693,0.07148303487338126,0.07540836767293513,0.07804121589288116,0.07807710417546332,0.07627564389258623,0.07896300731226802,0.08202745812013745,0.08294399525038898,0.08561555831693113,0.09060466638766229,0.09505178895778954,0.102852223906666,0.1126812549773604,0.1196266212500632,0.120959394145757,0.1256809015758336,0.1263110074214637,0.1288108825683594,0.1292550931684673,0.1417761128395796,0.1620736462064087,0.2032227697782218,0.20287812943570321,0.202989692799747,0.2029588417917694,0.2048332450972339,0.2113800904699019,0.2110670357214985,0.2203463499936333,0.2211900291731581,0.2312841465609381,0.2392508202174213,0.2279812571505317,0.2056046714715194,0.2092132657708135,0.2226735011499841
India,2.230025181759331,2.298289783108399,2.370360575003822,2.534346859635467,2.809569627471632,2.749466849339234,2.85979065316726,3.009090837183011,3.071965389689589,3.254355531919217,3.499240509062695,3.670034745382142,3.881952090161753,4.035502079222035,4.258652120305491,4.386956250093722,4.857424223025179,4.809776490550685,5.058180768387699,5.403306824099016,5.703345668323278,6.104126103612604,6.490272885737421,7.064285265268122,7.716288827874932,8.282524369089632,8.739587091638247,9.189979911524553,9.418493169784274,9.925636738099328,10.6672249567128,11.0938730013169,11.70723544355915,12.4181880768772,12.77815994340154,13.42265173196162,13.47786913995232,13.91670450500021,14.41468148721187,15.65129497245508,16.57299573374135,17.45899410812616,18.94720064930394,20.05450841746771,21.55144408043495,22.48189165339361,23.7100828917948,24.99324281710292,25.82260642429251,27.56488975239503,28.5207395550045,29.80246216583523,30.93914265879183,32.69343115120933,33.51902712628517,31.75600030468641,34.50591391199322,36.44439587892912
Indonesia,0.3042576859001815,0.3020259117586255,0.2984301167103481,0.3183310656953526,0.3592299374891532,0.385041016873402,0.3668473147693527,0.3890413458086288,0.4387454765375405,0.470175656334104,0.5757275264804036,0.6046814740961939,0.7995061331845821,0.8994780897339701,1.024067487397456,1.100199671024632,1.17955214555161,1.202678643242049,1.273642753184021,1.401969689225435,1.486744687368298,1.587691779154015,1.675782636714315,1.769051280137873,1.961529364083386,2.160644126159294,2.350578220561877,2.580697076069989,2.749833634091612,2.878728290758092,3.133022382827472,3.35932735013905,3.645702830550299,3.584047729140863,3.913148359528794,4.188876616092425,4.486751175372245,4.608195074786456,4.999179052252062,4.951589526287778,5.095759031709928,5.183141294733854,5.562672187569417,5.626904953164262,5.780217687724637,6.256220204007633,6.60930043652999,6.823083794141711,6.587873124017284,6.674275589608009,6.778058888811536,6.79853444098501,7.035321195172654,7.717379363517459,8.224468636793517,7.605431474116735,7.757792118486474,9.773695788762385
Iran,0.3502454848557003,0.3817326149482664,0.4199447716560302,0.4617014570963153,0.5067189993817444,0.5977483388673905,0.6547701494583296,0.7423831225146728,0.8872953921335627,1.006083240097121,1.172335662025683,1.319288240464142,1.49378227878551,1.460417398785989,1.576687278455533,1.461799082780144,1.467132212035978,1.655813986343027,1.965965328977147,2.124592342365585,2.318188928797733,2.171784443710647,2.328335540705217,2.374485755587383,2.59551147370779,2.920618896064361,3.168823230148335,3.504325747786739,3.242693593396894,3.631482407484987,3.808598932381555,4.143180051689569,4.270082446600832,4.447824155813074,4.793645811693103,5.027644678890936,5.37170980924189,5.854923680841945,5.962300101123873,6.595048677711063,6.985079495146947,7.632974115280041,8.114369099649199,8.364122700561836,8.565443251821414,8.71774160205595,9.1062509388418,9.208886056979651,9.532502537719596,9.924017706014475,9.883874006023696,10.36366000885548,10.74992764051019,11.1148073456332,11.72857576849808,12.16311544937392,12.09936600944046,12.15614410375072
Iraq,0.08281760296052174,0.09133895395430326,0.09223402656084598,0.09798695334204287,0.1132825194440499,0.1409662361461893,0.1542925216278434,0.180731402063787,0.1777012441740632,0.1740381989985227,0.1902210387803018,0.2391901440334916,0.2504129080181777,0.2655694739287317,0.3325289433233261,0.3649006216393829,0.341104939706713,0.353266992474854,0.4057788952057957,0.4496161835497915,0.5157443781603873,0.5940304352810979,0.7007923116236925,0.811518337700963,0.9213928645068408,0.8558055070374012,0.5401138499962091,0.857107852366209,1.138858661494255,1.289086183632851,1.284232465650082,1.28567560020256,1.523998425958156,1.143986572160721,0.825412606644392,1.161584491561651,1.297602555016995,1.233344549405098,1.094662917586088,1.173758006078005,1.109961074825525,1.078855314340591,1.087844872548439,1.245286607801437,1.222248113849072,1.369528713762865,1.408932610152359,1.537286319293899,1.706754823046986,1.697213081022124,1.693362525043205,1.915276139525812,2.152403884251556,2.176827994885026,2.308826969622143,1.991095082856007,2.079260105244393,2.305406168400035
Ireland,0.2435872228816152,0.2729031657800078,0.2958103604614735,0.3449961747974157,0.3461385471746325,0.2728935815393925,0.2834407351911068,0.2992563820444047,0.3145300024189055,0.3200417682528496,0.2993231522850692,0.3055580332875252,0.3256681533530354,0.3388022128492594,0.3736308489515066,0.3615279218376994,0.3527675813939571,0.3502354157331943,0.3451584646508098,0.3414853878814638,0.3583362563214183,0.3870099255035281,0.3913891491396845,0.3895162265531182,0.4013009360874414,0.4243907801657305,0.4408619234594955,0.442867483956381,0.452253844230071,0.471367893831605,0.4810347012766271,0.5077320002473196,0.524628770935762,0.5644996167679759,0.5959338490662702,0.6240558834393879,0.6594030762741809,0.6528743044707339,0.6366768508335408,0.649302792340944,0.677426401540888,0.6994598863428299,0.7103677274971634,0.7069645017669393,0.6358015865043696,0.6418815769047268,0.612941989383385,0.6028869209867564,0.5939904497826463,0.5923908982004535,0.6260867535109204,0.6539087412084253,0.656667354786775,0.6713468957030293,0.6745500068972821,0.6344303984779929,0.6461095804920112,0.6828465626430749
Israel,0.1476481730264876,0.1535399209835466,0.1862755455823595,0.1896243085699253,0.2143145794055776,0.2287773979618445,0.2596137247756672,0.2459327348717707,0.2621563172880758,0.2632674609164487,0.2705270346717485,0.2773491544459402,0.2912323644396749,0.3179920839383009,0.3285156540747152,0.3332759435225796,0.3389629535780245,0.3662906664305885,0.3665245195174671,0.3814066974811145,0.3537264503855432,0.3720830834399487,0.3990176888041427,0.4276576462587619,0.4474039328048093,0.4648970440379831,0.4726077605291397,0.5515147857509294,0.5989260239217452,0.6248548208978382,0.7027576928795937,0.7282735529059046,0.7963721991430099,0.8380605009403226,0.8685813859452861,0.8185389964372443,0.8179678803788294,0.8344197857786853,0.8598120439237643,0.8769213187708665,0.8812354050455538,0.8861493054206354,0.9191357278449341,0.9458818271937925,0.9191089483897066,0.9558308244289972,0.9737265850552067,1.018583759838356,0.9639504667460737,0.9406258933826859,0.9924461266285831,1.012621391149131,1.033125633996797,1.050091482005638,1.087246414139541,1.027583520909845,1.044136663850955,1.094673974788934
Italy,3.342464124653769,3.629895659018993,3.931107296696138,4.247943274630642,4.572119723548102,5.0476459327528,5.314520567577839,5.573455705386639,5.816961138608169,5.815200070427084,5.692871118151474,6.008070329417897,6.027689506718016,6.175885270750523,6.368993456089401,6.205653508381962,6.075453993064047,5.954730465280676,5.829625183527804,5.920382114529276,5.891977154429149,6.051624484584117,6.231865303629965,6.385458752578115,6.569799406955338,6.677589421961927,6.887276497552586,6.859184403466415,6.714193354314232,6.699009871671867,6.971029456320476,6.968873105826902,7.089423557183117,7.252492767192841,7.456977960039394,7.55742655428154,7.551132538141918,7.500067444484143,7.739224476513115,7.911071380177795,7.920898880090205,7.884243132970013,7.733878295861778,7.602858253960067,7.098139831652598,7.332237957013793,7.192485090588985,6.997958556355114,6.69096082213974,6.34435254688046,6.533157045003991,6.558953581850917,6.635234304539187,6.673104714676621,6.550400488913441,5.947064151804955,6.338896343885723,6.144426771372855
Japan,6.564829657784024,7.249915779611742,8.298127908632374,9.250928475147306,10.53764046282881,11.77696419067083,12.54125909670662,13.13777610883102,14.57616979511192,14.6457700256502,13.99196429376814,14.50304700397354,14.60449264137135,15.21365062650165,15.81482678679383,15.35188011191209,15.13661870252294,14.55835192657382,14.75484968630319,16.00662968530225,16.13163398477341,16.15404867948755,16.47890379722151,17.52474805903014,18.12730487767832,18.78713947501572,19.21047670352222,19.41098204684434,19.70341237765333,20.44073723510831,21.48542263463024,21.90049127392201,22.32206288755719,21.87648141486756,22.23469483521218,22.47291316535462,22.26014140910189,22.29278485031567,22.21276163145487,22.46943397751919,22.54692954948821,22.49533372101389,22.25450413843778,21.86365788966548,19.94980722515674,21.26726680214188,20.14408263581922,19.98913719666233,19.84350770989551,19.34156082166524,19.06748492099729,18.82305913559309,19.05243275839594,18.95087691213668,18.50738807707215,17.14668040630765,17.94199881328852,17.84231191125047
Kazakhstan,0.0,0.0,0.0,0.0,0.0,0.0,0.0,0.0,0.0,0.0,0.0,0.0,0.0,0.0,0.0,0.0,0.0,0.0,0.0,0.0,2.865698543117285,2.931302126685715,2.997341395253515,3.106646669635391,3.058185622890409,3.093931512897243,3.090734654377001,3.050911481437147,2.693353226609272,2.399116180874261,2.155377522381201,1.876327811695869,1.654481878659703,1.558810613178416,1.465059038527992,1.331090592163277,1.498290028343418,1.526197056188343,1.672886674726837,1.777689456119243,1.82703243927965,1.966182331592436,2.178535934406637,2.297327852506448,2.061590424880693,2.211795313647228,2.510086425081671,2.639411073509708,2.651269239269608,2.783324739492903,2.311895886522139,2.597245402655394,2.796035254620421,2.891092210594179,2.930455308791351,2.705039391275935,2.933085089072195,3.121664087869039
Kuwait,0.2851976120676041,0.2983731939516068,0.3036903364501953,0.319595935848999,0.3273725506004334,0.2642670997098923,0.2633644507091522,0.2914498190740585,0.2903909398996353,0.2786438606550217,0.2484245978883743,0.2962744511211395,0.3029013697191238,0.3326869962436676,0.4058180273048401,0.3050066432172776,0.3913515482690811,0.3849209185218811,0.4249205277175904,0.452815903710556,0.433998304977417,0.4969742244873047,0.4590583540687562,0.5183771302967072,0.558181001159668,0.3293736129026413,0.1660345133304596,0.2940309591569901,0.360622457660675,0.4209641992797851,0.5419791277433396,0.5364723582586288,0.558184513291359,0.6875413329193116,0.7137544440742494,0.7629953065436814,0.771499225774662,0.8165864182430327,0.97592656005135,1.090219383120336,1.202735107097626,1.15607030551832,1.123057110378354,1.21489274581493,1.257779698146027,1.414671994376262,1.452837383430784,1.493559331739233,1.528712810502944,1.554657477267801,1.615534387058751,1.595839608582387,1.623252381041525,1.662131079175103,1.512663496246761,1.430545949073163,1.500441395196735,1.596468990243046
Latvia,0.0,0.0,0.0,0.0,0.0,0.0,0.0,0.0,0.0,0.0,0.0,0.0,0.0,0.0,0.0,0.0,0.0,0.0,0.0,0.0,0.3826391168627064,0.3555668645219993,0.3244423107477416,0.3062045542746519,0.3061327753811811,0.3112785322739487,0.2868463682234024,0.2053248591640354,0.176960008325197,0.1714430359323995,0.1604455649792225,0.149274754235085,0.150380250108247,0.1636632477945046,0.1389393964698142,0.1359150507778921,0.1463919966162394,0.1476807792311166,0.1458677431457462,0.1640002962560352,0.1690477691594804,0.1603562713738468,0.1653341735295196,0.1664742829141663,0.1577547749666073,0.1788117987438307,0.1596097764089687,0.1654658666160098,0.1592520101471223,0.1466909559366301,0.1502843015249059,0.1601969501828017,0.1763213556266518,0.1568321486583725,0.161413769751583,0.1470762568617091,0.1526354162220158,0.1428116417608664
Lithuania,0.0,0.0,0.0,0.0,0.0,0.0,0.0,0.0,0.0,0.0,0.0,0.0,0.0,0.0,0.0,0.0,0.0,0.0,0.0,0.0,0.6504952871924602,0.6002244263781776,0.6288049425075978,0.6599505966789911,0.7148610471817533,0.7268757481770787,0.7684239544843692,0.4707591187447039,0.3681692509459729,0.3177116022430405,0.355095518836868,0.38647546419024,0.3563602414344562,0.3821670285902323,0.3161467954420326,0.2809237428505468,0.3285579470701717,0.3506453066492915,0.3676839431134172,0.3703064159945137,0.337836093619354,0.3226227873687735,0.3531742246274312,0.3496789951306342,0.3241219332064179,0.2367259540702982,0.2465922254331376,0.2469622226329938,0.2282607000570232,0.2201879190550212,0.2301316131178057,0.2345388488234239,0.2471300872344154,0.2548756244907371,0.2551160689339336,0.2530601457642218,0.2525381704305617,0.2292002516096566
Luxembourg,0.1504946039640345,0.1442059813416563,0.1420251840027049,0.1536077816272154,0.1653117377558418,0.1716524394094517,0.1650403307409576,0.1701889505324634,0.1804168850893583,0.183218140509884,0.1521940435308108,0.152434317429536,0.1422792836477968,0.1480232552452721,0.1521517270666219,0.140260348710631,0.1199615229574865,0.1123932775615276,0.1050655627887638,0.113198500433641,0.1162372023350403,0.1136308267748254,0.1073930972066279,0.1100588268374673,0.1264211452097087,0.1337445186236394,0.1437434561660938,0.1441541854289901,0.146047873450362,0.1404370403368434,0.1221645672595477,0.1256374139529309,0.122970894658486,0.1187558751590513,0.1254947491050468,0.1339351214858546,0.1435200926787861,0.1568957386165544,0.1645340412656784,0.1864072005380794,0.1891906834846646,0.1858559042186111,0.1804523433435564,0.179138710140509,0.1713346390220994,0.1804166533471616,0.175756014991217,0.1726305926929528,0.164492511696203,0.1593871664108516,0.1549240755651752,0.1528532406021269,0.1596776311907837,0.1671514206723132,0.1702376952766488,0.1457931279914616,0.1557896725838442,0.1406612560955166
Malaysia,0.1191110688378103,0.1377809862024151,0.1479674797155894,0.1530098151997663,0.1678845550050028,0.1593469052657584,0.1779919985359215,0.1982597349160968,0.2088972678357421,0.211782012488011,0.2184268593286625,0.2438996285839261,0.2853000764721266,0.3789689162521585,0.4358524013621625,0.4558016385895554,0.4712091314836251,0.5045789106966605,0.5794627535146876,0.6244979613366518,0.6187815735964088,0.6791716083872352,0.7003051212601505,0.7365694359612018,0.8243724017562467,0.8675478749869996,1.086717901950041,1.22599577895365,1.233052713461786,1.309453884729298,1.432624232635548,1.599383219397448,1.855624901337282,1.783588180065251,1.905942704002735,2.200526080112089,2.252933901218688,2.373029670437823,2.570963398099435,2.777904107313106,3.006282998299413,3.037798530481972,3.240203773935095,3.357441609209487,3.25097517033116,3.358707391257154,3.417128374708102,3.738267799300729,3.912256349620798,3.95141607929511,4.012876628645015,4.221969455015794,4.277929031382485,4.354426821649731,4.466747100683121,4.302403574990004,4.580472756249675,4.836643575443114
Mexico,1.05597076948712,1.118099299563324,1.139577999489015,1.241152673326183,1.362338376440533,1.454514719640727,1.529384888245399,1.690485989874071,1.823291070651416,2.00765112565614,2.144097353728611,2.281975298756133,2.407338184811606,2.709035304042291,2.995347250022747,3.262765054953165,3.607493489260256,3.759531495039165,3.717527004497298,3.89097429321068,4.08382597825581,3.962427758026739,4.092837463753031,4.1236731659586,4.35538609861736,4.748657576096239,4.887647641990397,4.98279293772022,4.987388727841932,5.272718607864284,5.181614657165959,5.316795424753495,5.445717146973187,5.667017691704006,5.749434257621685,6.095792009011464,6.046536662276706,6.192210908320496,6.267412948416183,6.635126557085925,7.270610766798019,7.377035988563218,7.446451358915929,7.752683633444462,7.622020848259103,7.644884937431678,7.99193139856173,8.063467425088263,8.068577132534871,8.019029016359298,7.930723216218018,8.110230468945137,8.264961123649414,8.156482723132179,8.06198161116578,7.431083035464171,7.989359468383849,8.72549805742807
Middle Africa,0.1368491752495304,0.1407165728864259,0.1396068908000997,0.1451019348836539,0.1520336532045835,0.1595487659302229,0.1812804027942745,0.1877687359567539,0.2100985051891045,0.2154410522670824,0.2045575649242168,0.2001322768275764,0.2125527545092091,0.2367348516022028,0.2380856180598933,0.2493864840646695,0.2645483940574426,0.2567786331896447,0.2843037636143535,0.2705915046180479,0.3038801425341114,0.3008629987189579,0.3073095032263659,0.3230209902086414,0.3405815819990977,0.3157891618193542,0.298464629389701,0.3063822721599094,0.3041677431457304,0.2947882025722807,0.3060666289953975,0.306818628304739,0.3053854324495408,0.2945849920246395,0.3068158740104783,0.3387505039769755,0.3460908187089681,0.3651516144224313,0.3915979282151635,0.4724267728458707,0.4610148802031779,0.5169042017758186,0.5328841207644813,0.5854663493748812,0.6188882970286602,0.6845269985541791,0.7162118213858837,0.7807729615331919,0.8815236375711633,0.9261569100629647,0.9256604308654759,0.9304634530722529,0.9108096427304655,0.9483716449120272,0.9687226910530692,0.9361139064499089,0.9783257498809232,0.9322771241724699
Morocco,0.06393945506439805,0.08418658897877931,0.08870309461505413,0.09522829726935625,0.1044324474468946,0.109350319585216,0.1162078841251096,0.1256040339131843,0.1395223181566347,0.149150325189281,0.1515964587345726,0.1643013701068671,0.1842858674341855,0.1956140822996833,0.2181701358817309,0.218791838305673,0.2122209261700657,0.2186981372590122,0.2245361162382819,0.2275341461293564,0.2350899797027423,0.2431265317625458,0.2504342126025693,0.2645526163971099,0.2910494315391401,0.2979207342949939,0.3016937078571497,0.3376055430655861,0.3411572084681099,0.3760359324732959,0.3688266175015155,0.3856088336216233,0.4008736409621856,0.4111621178434175,0.4265712783934397,0.4228681486724677,0.4568596095937512,0.4683311386999365,0.4696205984659158,0.5348268747400792,0.5808020582871859,0.5927930901313356,0.5876220760903927,0.6484708927322763,0.6328428817998776,0.7018430195013567,0.7370908860338395,0.7503185157029728,0.7703250074900984,0.7812902657119274,0.7950917028629265,0.8039672254181143,0.8416826197253902,0.870530394407345,0.949827566397541,0.8653080897122287,0.9659251824684982,0.9244028665898725
Netherlands,1.490256349086762,1.596158757686615,1.68768014383316,1.887815191777423,2.10523233807087,2.375271890070289,2.504778295680881,2.909297464108095,3.094854288384319,2.937446399658919,2.96224375012517,3.230723984926939,3.172731273375452,3.237050274394452,3.343940944470465,3.139902610339224,2.977559985354543,2.751897114094347,2.765040619455278,2.870528203368653,2.962253487282287,3.109104825918418,3.173163495245644,3.18373316184296,3.198448272353737,3.278645001340192,3.341027908873745,3.380822681484558,3.409078151031212,3.372511745262891,3.509862658473291,3.661598395243846,3.595861914006248,3.621391689459607,3.577596636732016,3.624550010707975,3.764006100159139,3.765819928662106,3.791074402369,3.91947937711943,4.004071065178234,3.922472911397367,3.987086554526352,3.939799632733688,3.885447799231485,4.214342678048834,4.014330740418844,3.944517928525619,3.826386126106978,3.658790658087656,3.722782149963733,3.757038101001829,3.784959064232186,3.69321782982666,3.677763470206689,3.559090557536995,3.654977586179879,3.540954718891485
New Zealand,0.3067845227196813,0.3259771773591638,0.3288273578509688,0.3365109711885452,0.3422777345404029,0.3809111260719323,0.3988847505665565,0.4256588448492599,0.4427142939088988,0.4487141742502828,0.4558101136132093,0.4710873441468162,0.4808327352702768,0.4760530100735628,0.4825109464098936,0.4834377571806473,0.4848702006617427,0.5009557877648861,0.5206843418448217,0.5517369376240906,0.5558952533691031,0.5990639522014848,0.6056614891390224,0.6308509461480158,0.6452787345607361,0.671166233989005,0.6846742309267448,0.6858051484871531,0.7064864952545054,0.7456949454557886,0.773660418084474,0.7847561516094466,0.7848779248627293,0.7848811162640036,0.7917580685826908,0.8264060128325551,0.8189387125257707,0.8470525371106628,0.8210553504982765,0.8448484338316974,0.8235315680254847,0.8289519897715625,0.8260772990212205,0.8283518007888296,0.8262169870156564,0.846451627234198,0.849936387460315,0.8562402729554022,0.8624116849410935,0.9024354587625083,0.9079360208510348,0.917768823277586,0.9354089216138775,0.9305784472299433,0.950813374000265,0.8633491179076002,0.847751524367347,0.8388831740887585
North Macedonia,0.0,0.0,0.0,0.0,0.0,0.0,0.0,0.0,0.0,0.0,0.0,0.0,0.0,0.0,0.0,0.0,0.0,0.0,0.0,0.0,0.0,0.0,0.0,0.0,0.0,0.1067744474858046,0.1060107303783298,0.1088530113920569,0.1090060928836465,0.1023905291222036,0.1031440887600183,0.1198091469705105,0.1080490341410041,0.1221263591325522,0.1170142708205724,0.1110517772290826,0.104488440280652,0.1021013802059078,0.1151121820222115,0.113677469999671,0.1175705635762068,0.1195235175334098,0.1187085567097583,0.1149554728803455,0.1132197819598099,0.1229309444275535,0.1226317599350516,0.1138576513651424,0.1088050040918761,0.1006716646706571,0.1061393508251113,0.1101243100042525,0.1059542558250051,0.1058433410869858,0.1118031904691797,0.09745221932144112,0.1018331878382439,0.1045754363426858
Norway,0.7755227200686932,0.7934172600507736,0.8520554043352604,0.9545996561646461,0.9560393951833248,1.000445961952209,1.052509050816298,1.116192154586315,1.182761739939451,1.193585533648729,1.21103585138917,1.295329596847296,1.192939972487949,1.338659576576059,1.433552827805466,1.36404636859882,1.440617362330858,1.423718626127228,1.565150449385603,1.584780236194122,1.567602204678022,1.529434377725407,1.606862210559858,1.656349277633765,1.764675959656494,1.783431766914947,1.64445014912616,1.731831422162418,1.787225698342867,1.726207200970543,1.83175271785746,1.6802537239522,1.766462028126916,1.837074075703069,1.885787256872345,2.089842057413968,1.889986268702983,1.966555171825082,1.73529758944347,1.767344589467242,2.018713569265743,1.848794640104786,1.984576693459462,2.032281034361447,1.876513378772898,1.801367310967716,1.82695236042418,2.02337244146569,1.896932770386983,1.953858406719764,1.972799487683086,2.00195834026333,2.01197989619853,1.980483686679416,1.855924382265644,2.012058853747376,2.048723439137891,1.896222828244955
Oman,0.0003505699860397726,0.0004386999935377389,0.001947539974935353,0.002346870023757219,0.003342639887705445,0.003369260113686323,0.05569741129875183,0.06363797932863235,0.05535329133272171,0.05086037889122963,0.04645691066980362,0.0534830316901207,0.05152380838990211,0.05991255425694466,0.06902361702890397,0.06141015998138428,0.06490078992337227,0.07007407128631593,0.08073692580403329,0.1001107272895813,0.1184036634631252,0.1276542836999607,0.133052075526886,0.1366878553614998,0.1430491063671493,0.1676805504126168,0.218856750254097,0.2170349852500343,0.2093529384247398,0.1961330401055935,0.2297616210488523,0.2357082399313322,0.2428792278394636,0.2490475214531767,0.2830355664900821,0.3993252182894163,0.4433736662003516,0.478795855929491,0.4966595055280643,0.4614286572146814,0.5580382215897559,0.6129790042463551,0.6212297809997891,0.722823957328323,0.7171117883123973,0.8529517719739709,0.934860131275222,1.019890447604268,1.142945498017174,1.136871384853287,1.212424875043075,1.215858247782278,1.272159849860077,1.352673312277268,1.343341713999851,1.292771225035253,1.418424868793214,1.495100963199094
Other Asia Pacific,0.7236943828576986,0.7647329811265143,0.8266099497615168,0.8862210602480294,0.9384045081097996,0.999461288770263,1.094379889977236,1.155095511965262,1.189919110638174,1.272769569634522,1.281377539688594,1.361192281231845,1.426363777253748,1.501777905954212,1.615350189305186,1.718501385794078,1.772595240545603,1.847251733446024,1.91281669757144,1.981946729313782,2.067160804090412,2.111159454065032,2.049977802702113,2.081414476008176,2.025487490768511,1.990495576875564,1.922340224041881,1.747042626590378,1.673347782937162,1.605861901035583,1.589484801149181,1.482753831106761,1.465977443236689,1.406806887175694,1.486795310282059,1.591290966912161,1.633484780876195,1.596785211164277,1.700014376969144,1.729267946439832,1.808865721880375,1.886071282359163,1.852591666239528,1.932313217945609,1.759351832661523,1.949461083254598,1.943517962718485,2.049148125495595,2.030278042338655,2.191298766085863,2.292113731890581,2.458017529519593,2.963226646865207,3.102102744155121,3.242688764375106,3.331462742816315,3.501149619365553,3.545835254324654
Other CIS,0.0,0.0,0.0,0.0,0.0,0.0,0.0,0.0,0.0,0.0,0.0,0.0,0.0,0.0,0.0,0.0,0.0,0.0,0.0,0.0,1.370946451672837,1.306124624753796,1.356616402911266,1.515680982869318,1.452816854042911,1.48519541825789,1.240892070628611,1.052138516302484,0.8419301596663046,0.7081745350056174,0.618846235834354,0.6662016889135525,0.6294627376574482,0.626089386031621,0.6025069918432602,0.5822958985476181,0.5706777637816209,0.5703267606895297,0.6007188817510842,0.6465819249215174,0.6721498058203673,0.676399176922761,0.7242437020469557,0.694341091840405,0.6720862143757786,0.684460541865678,0.732283245798245,0.7628839516632508,0.7253803200369338,0.7443966298048165,0.7401634690140951,0.74659448058234,0.7773117731529728,0.8484173501485957,0.8198608389037844,0.8189979760298248,0.8335577917714749,0.814106829389517
Other Caribbean,0.7895790951282877,0.817827413300988,0.8510637897037712,0.8694469399837588,0.8914164751899123,1.020999307141043,1.057728335309151,1.128754803450311,1.249760929885467,1.2427882943348,1.20917509441194,1.233706274058566,1.294492028950149,1.330755174645124,1.373837400640102,1.392080873994332,1.424587707249875,1.260646291431885,1.2347669508716,1.299643109803486,1.214047424079339,1.247050222553459,1.295796210581883,1.309539097812007,1.359123160237365,1.341517306723896,1.311416736044666,1.241346000112501,1.248149424526702,1.30232634673242,1.30463377288561,1.352051364046306,1.432229825799846,1.483239575322487,1.441523327720717,1.65768851654052,1.737846674446558,1.748628109656693,1.773149142250821,1.79331270429176,1.796396207431707,1.846226923632993,1.760430186848057,1.696836920305547,1.590315828145021,1.561591963401472,1.566628857296469,1.546593532470838,1.502631180603043,1.503815968872692,1.557730464554255,1.610345359949578,1.554485872308708,1.592847657750409,1.63431044900821,1.486819507733806,1.4993623164492,1.519016961601232
Other Europe,0.6662633413992947,0.7014108371654133,0.711811844798635,0.783625615651776,0.8374038366986698,0.9232217502184992,1.078593688598582,1.125280097718161,1.178946326274693,1.307979157102709,1.318220759666775,1.404682519185275,1.507848347398502,1.640019055444089,1.777635573070825,1.731271672854946,1.720278747983019,1.790020498026279,1.927951748954056,2.010342068051269,2.567080721652706,2.695027578573894,2.729045795463148,2.81203725525773,2.729410203182616,1.929416832177638,1.706533681178423,1.495854431994845,1.291985964033203,1.109140649930401,1.136841022749725,1.24464356211817,1.336149716843095,1.357378510732671,1.238111753917358,1.323776369926285,1.381251604541813,1.446580857996723,1.52662837905864,1.658013762370075,1.636468605390872,1.675286993308668,1.618666595607336,1.663345861055131,1.688572184281795,1.807007956019811,1.763046631197579,1.653292886990939,1.752576527868381,1.602924028750549,1.708011127883923,1.811823293733304,1.801746936405144,1.888120828650194,1.844684125350382,1.789166666287648,1.859921965709588,1.830229416271578
Other Middle East,0.2187079010065753,0.2251800532831987,0.2307998510806067,0.2478617398390526,0.258667490445219,0.286346158653882,0.3070822950011064,0.3047173587309452,0.3537878885175344,0.3977352258505635,0.4255840370280189,0.4704107486168612,0.5199803138340467,0.5693483999880851,0.6465054790909096,0.6539141227577883,0.688769676856993,0.8038357715894835,0.8603945571906694,0.9285736135295606,0.9778958577571434,0.9928594023345063,1.034399954870352,1.070317760667612,1.090351810359817,1.158077508168011,1.232465416059597,1.283090369099096,1.32496390976274,1.388154579053432,1.451172241915925,1.49405673385291,1.592434702459042,1.732967752595724,1.758902827504463,1.777367070125378,1.827248960398201,1.894051784034074,1.972082727662276,2.037976547090658,2.239411603724943,2.307839111063921,2.359080915916332,2.475801869949205,2.491393224436806,2.501447872311316,2.366429862579707,2.24027591294632,2.164957585600122,2.140014206603293,1.995346398811449,1.95915462397474,2.039680271751152,1.998369160828163,1.995350591501428,1.905540872601162,1.97860682754134,2.051874115443988
Other Northern Africa,0.07895996360013616,0.08372626498305127,0.088411269879652,0.0981800334707344,0.1045670079479435,0.1182322754811246,0.1051195120507702,0.1314577846895277,0.1739101468981102,0.1881877581937995,0.209227619518549,0.2475494098328345,0.2813716925167326,0.3139219825743857,0.4107298641936317,0.4335644616974689,0.4636812961617768,0.4692141016511943,0.5039359967378703,0.4944939334339045,0.5574449791490034,0.5705698260720867,0.632027816935144,0.6421255275506035,0.6919653481571052,0.6746282614749447,0.6709358291962724,0.6668519688763007,0.7065372277110576,0.7715715039996139,0.8138137548071596,0.8337492670490676,0.866853265763301,0.9029396393622025,0.8929857553562559,0.9621251774542694,0.9836857839829994,0.9740232425020898,1.010121422015237,1.091909965545344,1.114650093348584,1.12788274967269,1.099390237248162,1.140901106972913,1.217426764289973,1.256016929490303,0.9058623240772113,1.083031950847489,1.165000245894743,1.146852656364941,1.138587573788069,1.168737102925075,1.156397634581456,1.166018217870262,1.146898262850385,1.043466814159896,1.288328694680782,1.322083923501502
Other South America,0.1480894869713385,0.1598445816215845,0.1648521150816696,0.1686854465106734,0.1806594605412892,0.1888377220640113,0.1998893847154229,0.2059684104418164,0.2149729051820816,0.2106128376492012,0.2278969571874604,0.2338427956507031,0.2434651585460008,0.2686870975365527,0.2790107668406862,0.2923500776884733,0.282772242469594,0.2677387522985722,0.2604519956150242,0.2594835801263661,0.2910916534723516,0.3832553062585677,0.4534076453022789,0.4786399677685046,0.5287103794239181,0.57425192744059,0.6152287271796513,0.6267613579769171,0.6796123810927823,0.7453177873552101,0.8383027842194432,0.8808504146560797,0.9515050751040713,0.9883046133347184,0.9928431305898615,0.9885740557308226,0.9094914814874413,0.9412021927314851,0.9749808496011255,0.9567948450969688,0.9710299070162461,0.9789917954048036,1.057489418073796,1.09446599475545,1.105483272208973,1.131640434830001,1.188470027424857,1.207838589891136,1.253335830389422,1.227358206885076,1.244381276054374,1.351041151467101,1.340312485534507,1.357893326257371,1.288537200485149,1.122634821085892,1.192424871862386,1.228725554291457
Other Southern Africa,0.004175169684458524,0.005371750914491713,0.005836725555127487,0.00642053599585779,0.006947727408260107,0.00800292391795665,0.008419612771831453,0.008984549494925886,0.01014949911041185,0.01232526026433334,0.01346136489883065,0.01675780594814569,0.01824885653331876,0.0339963489677757,0.03573419793974608,0.0368737856624648,0.03715738339815289,0.03740399214439094,0.035194804193452,0.03650097304489464,0.03946465300396085,0.04202651488594711,0.04304915876127779,0.04660843941383064,0.05039581516757607,0.09075805719476193,0.0925746600551065,0.09967017621966079,0.09993893897626549,0.1019113636575639,0.1108144177705981,0.1046618807595223,0.1090452957141679,0.1212559072300792,0.1308454121754039,0.13376857691037,0.13576836393622221,0.1355779372388497,0.1357533026894089,0.1365905090606248,0.1470895286474843,0.1442386293783784,0.1493551117600873,0.1550996393962123,0.1613167533578235,0.1472742205660325,0.1656777807074832,0.1831544390006457,0.183072980005818,0.1986967211032606,0.1993061771918292,0.1954291828988062,0.2075239396067445,0.2126983547009331,0.2036148217521259,0.1844950378854264,0.199305024050318,0.2145267403352591
Pakistan,0.2960080388531828,0.2982265798185492,0.330190429429574,0.3748717396924686,0.3766744302918339,0.3706255270673084,0.3464503103306909,0.3222982073454958,0.3443619861836237,0.3730493915621305,0.3916060196107685,0.3976765413925946,0.43038416559394,0.4608306049627036,0.5023590858272344,0.5570952154741429,0.598964889642331,0.6605671782693058,0.7061496827396423,0.7473239829226971,0.7853896443766177,0.8324632542305648,0.9337915143409997,0.9920192939920217,1.052081421066158,1.099792625732768,1.165322428216136,1.224102890876627,1.354728969375831,1.401774893123454,1.478446332718492,1.574735369010836,1.522384295219123,1.63385596339035,1.705399444601621,1.741515531607866,1.782540582593799,1.85079362041924,2.015736265565147,2.243023082862573,2.327343182252021,2.452794525925653,2.607878051714022,2.620793390203956,2.655339965647644,2.666737531422725,2.664946005229186,2.476209780111468,2.706272380071892,2.793367214860842,2.937092143971248,3.200355400596104,3.387593560549419,3.495709692827704,3.537058703256403,3.517980682996615,3.901639503779058,3.601968218517364
Peru,0.1980240025758818,0.2417207472892806,0.2461252670817018,0.2506720513899445,0.2525054052647889,0.2604231172569662,0.2729434990523279,0.2446066854443014,0.2771668006196082,0.3191185274239302,0.3372008851533234,0.3439427676508426,0.3467283453746856,0.3460299180726171,0.3593016344167128,0.3846626117807403,0.4043379888262719,0.4071173521619037,0.3561056919178352,0.3754591061032683,0.369276449544619,0.3977434784500271,0.4342858164993405,0.4218912340297162,0.3886373128330752,0.3852611041598141,0.3821375015715778,0.3720773911420286,0.4066341255959451,0.4421203724010497,0.4799589007951707,0.4947753583640337,0.4851660295739636,0.5005588065306231,0.5134794871572942,0.530492959219639,0.5258731933353394,0.5384768460943431,0.5316179208084353,0.5666258599850126,0.5894274857897372,0.596134656406862,0.6490242846568877,0.700718805860933,0.7143842321370686,0.8110309967652278,0.8948018995604946,0.9242114091022856,0.945293294283181,0.9677846077269057,1.014010127291481,1.076176256412099,1.092925020045769,1.146328357807264,1.175743150005636,1.002991504031815,1.142422864685839,1.205617904583298
Philippines,0.1972286617383361,0.2130839210003614,0.2393328566104174,0.2702709440491162,0.2895020362338983,0.329419749265071,0.3768292536842637,0.3731234595179558,0.4354347549378872,0.4056761518586427,0.4391333360690624,0.456434290157631,0.49195664639592,0.513379342846747,0.5351336584426463,0.5266408231109381,0.5248748995363712,0.5101335793733597,0.5518583953380585,0.5031367279589176,0.486211858689785,0.4938216879963875,0.5341644175350666,0.5890940129756927,0.6372174695134163,0.6752792708575726,0.6647342257201672,0.7130909040570259,0.7823157981038094,0.8149419312135152,0.9307582185195477,0.9972634194788442,1.088492247793391,1.084714933948868,1.098608783584023,1.107189348444659,1.082618751034538,1.087805714844811,1.122269992160206,1.14884038793004,1.153137691749425,1.098596201923729,1.139834318221422,1.178550299610999,1.192410184353361,1.227029521717315,1.251530970714425,1.294626647814382,1.387500478354517,1.46008416501537,1.600142173866826,1.747728043374267,1.917407994525794,1.970124651328253,2.028336264649356,1.843883355571423,1.964546934770161,2.107845711763044
Poland,2.793791663273996,2.848241465457399,2.931479490794168,3.154920252139074,3.369837859037581,3.556516259826233,3.668916791804463,3.869707502549538,3.942230151404118,4.072522826642695,4.392969915630644,4.627878412236035,4.825495502176922,5.06650463226344,5.141709147009781,5.38426844118978,4.854501249434579,4.943010085251057,4.965746818848711,5.162100609556669,5.279192216158372,5.42793609264425,5.603884503674743,5.496859102434981,5.290284085670975,4.357187038224669,4.262990340036886,4.076627770931307,4.074651120599627,3.899448075795688,3.991401218383608,4.190219528642994,4.149146338614932,3.975118056414992,3.897798459237888,3.663088330574632,3.637643104033089,3.598485294145519,3.723144112340393,3.748386982891294,3.8316437442312,4.021132394703385,4.009735100359524,4.079922917544753,3.937019586156577,4.198229760769754,4.222549317105472,4.101268451292932,4.111015876045078,3.963397737389207,4.004332628991425,4.178475188676059,4.34124263938275,4.390684997704357,4.265093659684718,4.083048014608026,4.413197810140968,4.313958459066907
Portugal,0.1793854497373104,0.1964036507997662,0.2100020139478147,0.2138304270338267,0.2316790614277124,0.2767767359036952,0.3047438712092116,0.3312975997105241,0.366204776102677,0.3833360048010945,0.3809776285197586,0.3770289062522352,0.427402033470571,0.4501363246235996,0.4773904085159302,0.4636969361454248,0.4552635201252997,0.4926943061873317,0.5101798097603023,0.5314555079676211,0.5422821375541389,0.5739669883623719,0.5873837871477008,0.6517472895793617,0.7036989000625908,0.7144712107256055,0.7414296623319387,0.7492393078282475,0.7710069892928004,0.7989022070541978,0.8755451403558254,0.9028434911742806,0.9158459564274549,0.9990414766713261,1.02177601902889,1.055959727133129,1.071592909976732,1.063490390790006,1.092115319756898,1.071087929096704,1.069048005637897,1.061235239849732,1.069446014590595,1.032293496750164,1.041216520754821,1.098316176361411,1.047728129904202,0.9568029765434745,1.050456811784913,1.071650931200429,1.048421145706195,1.121385671749189,1.086760381825128,1.107352253676642,1.05458124419513,0.9558311120525009,0.9588751931638335,0.92786750673626
Qatar,0.005079898982626797,0.005114511931039095,0.007327358099569679,0.02318243111129046,0.03642710395960927,0.04149247423191668,0.04133249001023473,0.0457233691211331,0.06487565689938068,0.05656384605000497,0.08440325184312346,0.05421650472682954,0.07553955091334344,0.07246245864383222,0.1813178379275751,0.1921313154859281,0.1838131610545922,0.2135988538443327,0.2226756891201497,0.2534768662863255,0.2379960521849156,0.2594554965393543,0.2514711564706326,0.2647429586599827,0.2798838785345555,0.283815581614256,0.3269261525607587,0.5194312790143014,0.555454487810135,0.5634958994483948,0.5615687061941624,0.41363029149907,0.4513261801306933,0.4859573772463673,0.5409618558683236,0.483116875120899,0.464296509427595,0.5113026004504962,0.5865697388466655,0.708733081330868,0.8023003379849538,0.8433817882611804,0.9192589321094624,1.019094114202457,1.033246208633193,1.20192259710185,1.405422305490135,1.593787385826974,1.730730223369734,1.869762417016521,2.132022445549816,2.085728871319908,2.019724593456698,2.017655889659146,2.102277892000172,1.829223408135673,1.929911539717386,1.884429528594074
Romania,1.003395265449729,1.070171538716066,1.19424061623115,1.270727119179905,1.46092265768215,1.555238971268534,1.650835796606423,1.739793028334452,1.892965592008214,1.906183025661024,2.079039002483842,2.240433255967759,2.375785863738817,2.558714061196339,2.609338930734173,2.634647704217913,2.640913840424985,2.618185366989148,2.599933262902743,2.581194578317372,2.573654310256293,2.628298199886063,2.725621145766782,2.776087269854107,2.780918175362332,2.646774940496087,2.247999105986786,1.982425924741244,1.926798716248357,1.81746307809124,1.997289551062584,1.985045595377755,1.883971105331674,1.723842590028539,1.516215461606073,1.513194917424154,1.530378192901611,1.58870453406159,1.58848019638125,1.646368238205671,1.649865119040186,1.683441564143935,1.624291711079395,1.628810065163693,1.423099015656846,1.436158685940915,1.471231065200689,1.414657259372196,1.319833626972002,1.369823961307183,1.376871377106619,1.37725208433761,1.400389352581672,1.427117088136934,1.394430446256135,1.329752433501611,1.39414076235568,1.298469730758614
Russia,0.0,0.0,0.0,0.0,0.0,0.0,0.0,0.0,0.0,0.0,0.0,0.0,0.0,0.0,0.0,0.0,0.0,0.0,0.0,0.0,34.39850003745252,35.0080404954759,36.15344877007867,36.78501990835035,36.92098676698335,36.27397113102123,35.77911553919607,34.43983100967093,32.10886972258972,29.298327650652,27.72731962098494,26.68752804620688,25.23961910232354,25.19260839883844,25.51153493992434,25.97072571762795,26.38176356460462,26.27445874721295,26.81448201793964,27.05071710778134,27.01404866888537,28.21297090369649,28.36200402752652,28.4926533680909,27.07988341960689,28.1324787591966,29.09026762829694,29.2623434207311,28.91738503481225,29.00718069429966,28.54999898950379,29.13346102764847,29.30997714832696,30.3903107366626,30.1614104397707,29.07103872369193,31.48376719118881,28.89258244533374
Saudi Arabia,0.8465023909515381,0.8579577444953919,0.8703535980392456,0.883864977759552,0.8987859745880127,0.946279617124939,0.9477788377960206,1.01580863139801,1.083601320800781,1.149673618867493,0.911739047367096,1.054059487161255,1.244744986349487,1.387208672102356,1.680635815071106,1.511698745175171,1.804452214555359,1.986670596586609,2.152735338032532,2.575072904052734,2.627041625938416,2.824772348251343,2.994257038650513,3.132988507003784,3.083563057098389,3.342013358291626,3.500828163970947,3.534322685623169,3.610261125534057,4.174489514144898,4.068021130233765,4.206790254089356,4.284896426895141,4.509277132553101,4.59154918006897,4.805566609527588,5.120396668116005,5.332977782787159,5.649087605656449,6.128811557298475,6.519981385956697,6.840612066345241,6.998605579593345,7.662469869954211,7.938497707008292,8.823984137622457,9.206247709844856,9.771157893980726,9.832393243679705,10.55418195304117,11.0038518720477,11.44743821511789,11.45454954070783,11.16603928833213,10.70383124128319,10.40733862511367,10.75516664023119,11.49594992026945
Singapore,0.1723968216101639,0.1970774020155659,0.2367216667771572,0.2942443234205712,0.2891466489672894,0.313939349973225,0.2725123549171258,0.3412352963205194,0.3215758469305001,0.317010659709922,0.3095494686822349,0.3671707975299796,0.3685486879548989,0.3793451185774757,0.4043999276636896,0.4016561706084758,0.462095290000434,0.4496171272330685,0.4763216568098869,0.5007691049540881,0.5108171135943849,0.593121801270172,0.6236521318205632,0.7215465981862508,0.8227351880632341,0.9831729480065405,1.001933805877343,1.074914895097148,1.174362933445908,1.343100655773841,1.400187173080584,1.412917693062726,1.486082305732369,1.506633391204476,1.491574277701974,1.594851956393701,1.802593828388531,1.736064542087095,1.635385754344273,1.833478010217508,1.932436987050799,2.127527905867645,2.28746275937683,2.439516054546629,2.621975627990221,2.7839345920475,2.889193052015692,2.895602342746705,2.924967385077611,2.98185288680306,3.162250477140861,3.336305107927394,3.419986041969731,3.423000246642384,3.35070670752273,3.281887080842359,3.278650507895604,3.164160015831259
Slovakia,0.3846103858965206,0.3981009338307238,0.4001895273500109,0.4416662426222801,0.4612188740193844,0.5102406202759743,0.5469123511903287,0.5751578476241904,0.5983781796776146,0.6297768515771925,0.6591079156650156,0.6837760092177868,0.71870284812807,0.7540217885394414,0.7757681098356486,0.7885839851049901,0.7824331902932644,0.7740645125756264,0.7763019470448971,0.836270496268773,0.8628018655654669,0.8553365103070975,0.8746459464818478,0.8790165528893709,0.8916336545143604,0.8940735141053677,0.7998783629751444,0.7694721435038805,0.7559139937392712,0.7446357380726337,0.7550974116538525,0.7603287205162048,0.7463569955797673,0.7542752980897904,0.7606560698534013,0.7856899707420826,0.8084094158768684,0.815136511905483,0.7915787262170835,0.774154850343694,0.8145628052136414,0.7926425573394542,0.7438638293344058,0.7639509600160822,0.6923440962575301,0.7397996116066337,0.7116889036729798,0.6836160215366818,0.7005133207769729,0.6520316731713176,0.6587637816693961,0.6650773909776263,0.7005408783962863,0.6886643459742208,0.6654561258676012,0.6520514440129094,0.7028033983714768,0.6884771607645103
Slovenia,0.0,0.0,0.0,0.0,0.0,0.0,0.0,0.0,0.0,0.0,0.0,0.0,0.0,0.0,0.0,0.0,0.0,0.0,0.0,0.0,0.0,0.0,0.0,0.0,0.0,0.2494725305827141,0.249874008208704,0.2335722388968945,0.2399688796200276,0.255419169217062,0.2681916080967903,0.2813697575239659,0.287755938441515,0.2885612376592636,0.2855790497595776,0.2830545606178295,0.2958963041274758,0.2943918218862107,0.2887665673614784,0.3066488724372487,0.3066729793852759,0.3094353258859381,0.3076818039474104,0.3371116542767971,0.3114256610300086,0.3119764858594938,0.3028860660753434,0.2943303624076404,0.2911779484772299,0.2986974150648987,0.2693783080105466,0.2879214446069544,0.2910197331104984,0.2969290483955465,0.2883297964853444,0.2785857314143408,0.276016456217113,0.2624533750174463
South Africa,1.275222692376701,1.283144233340863,1.336157441168325,1.410148549563019,1.451933116884902,1.517320418613963,1.634495028573051,1.688505518509422,1.816577278137627,1.86874048507153,1.992267535177795,2.079366812754343,2.130336421124531,2.109625336702165,2.178352706129267,2.325111184957952,2.706934305393407,2.911375675345375,2.950031413008755,3.223877856589386,3.292402067279158,3.354123971992134,3.407223412196117,3.752278669814441,3.584597982017475,3.706807992502554,3.680093349433891,3.697337437211754,3.690928972563793,3.849512364892382,4.023059064427006,4.103145559894591,4.195953845142224,4.122091610676185,4.261480858237825,4.267379438433304,4.289530979576512,4.180049198461612,4.528646676519134,4.941979416755914,4.677759499672245,4.773818830650809,4.903893363580627,5.254905338482768,5.231568922829513,5.266075627365028,5.201850493899977,5.121732122933635,5.14441901201975,5.203840328608437,5.099805474023675,5.329157653924974,5.30844869340994,5.107333919409882,5.334735634485653,4.98923926325903,5.001584189723433,4.81925594116133
South Korea,0.2693414450623095,0.3267660206183791,0.3754243068397045,0.4302707379683852,0.5195935675874352,0.602876870892942,0.652284661307931,0.67627037409693,0.8364143390208483,0.8696508668363094,0.9561496526002884,1.069670081138611,1.22993704181863,1.377739507704973,1.588146038353443,1.634514980018139,1.711220622062683,1.711977390572429,1.861361792311072,2.032963793724775,2.247010350227356,2.521691817667763,2.795354761556296,3.120132450924727,3.391998214182144,3.837731872369,4.340213603694822,4.894978579606615,5.367889119405271,5.788709936191369,6.324981675991529,6.985563436480322,7.672042014799623,7.015405511233327,7.644843509231187,8.08528642034145,8.280429759304544,8.661925593192816,8.939871602314899,9.14887889108925,9.458854339356845,9.614092298703227,9.901901919345157,10.06637010854541,10.12172646562643,10.93395939100462,11.44040955350759,11.57911374774097,11.62226465458175,11.72395629364384,11.93055149418528,12.28513611563452,12.40799262867374,12.61868057037904,12.47571406918426,12.00308742428339,12.56305986847053,12.70804862208765
Spain,1.214663818478584,1.374489575624466,1.481551945209503,1.558869573695119,1.764749823606591,1.903537932970866,2.095922446702078,2.266424915607499,2.481256097424418,2.582522762703147,2.652584312417176,2.834347228995358,2.938535622168984,2.950665234767651,3.177906482520672,3.193258444549381,3.219182561416811,3.217679833623853,3.293904852504864,3.346504968663593,3.32021843357749,3.390091687064643,3.514902229310938,3.671227109379608,3.846195800900356,3.847516141875337,3.983466699605002,4.172861291276842,4.037404835302143,4.228889880336302,4.389875673752265,4.559645788926987,4.81120224587812,5.043175998547919,5.197333680152197,5.499493084545611,5.752271204949208,5.814270187173597,6.144730520801923,6.369587451174883,6.413209718735585,6.505920028755361,6.648575188878313,6.464934016590841,5.993301526404338,6.155576404564902,6.039465815492569,6.005973591510247,5.705607287589515,5.599984306572287,5.66986401052446,5.723907329361272,5.789199522396853,5.893488976486828,5.728983730230807,5.182009784766888,5.554543503820621,5.755317213803486
Sri Lanka,0.03763373801484704,0.03881218656897545,0.03976804716512561,0.04133885493502021,0.04293682333081961,0.07114888727664948,0.0724719250574708,0.07601935788989067,0.07867517974227667,0.06754434388130903,0.07047170866280794,0.06929398546162702,0.07444865318393568,0.07807638512167614,0.08211628084245604,0.08284833261132007,0.08698602977165137,0.09371197165455669,0.09242323733633384,0.09797409526072443,0.09250528365373611,0.09737071205745451,0.1001274049340282,0.09905819548293948,0.09646376906130172,0.1075931638479233,0.1073756271271122,0.1151945029614581,0.1256430748562707,0.1361140991130014,0.1466576232087391,0.1542774757672305,0.159241184592247,0.1697602121103046,0.182589409447246,0.1927678307429233,0.1873186587672535,0.1926328972876945,0.1982220482714183,0.1926247824012535,0.2224310307792621,0.2388025646650931,0.2427845967831672,0.2288728930434445,0.2320554215984885,0.2506172263529152,0.2720843038987368,0.2806288403226063,0.2851708866655827,0.3064379026181996,0.343882454559207,0.3762597758322954,0.3659303840249777,0.3788864915259182,0.3876362312585115,0.3793883882462978,0.3828708035871387,0.3417056966573
Sweden,1.414633287073229,1.508526935125701,1.54518198268488,1.65006160698249,1.649981212045532,1.751503118197434,1.783157439203933,1.836794162169099,1.943429607432336,1.798374199774116,1.906114493729547,2.025883996393532,1.999329226091504,2.325033540371805,2.452003696933389,2.307703933678567,2.289912455715239,2.177627543918788,2.164888517931104,2.292003368958831,2.489852880417758,2.580866549801302,2.52673651986841,2.469344891732013,2.414974283153963,2.4563217949973,2.329534774335592,2.347078234239296,2.321846716542733,2.32214221441016,2.348771829808173,2.282374506045717,2.362889318756669,2.557203275355533,2.482818755019095,2.302091699791099,2.469199504659144,2.311240484343188,2.214650032559925,2.38551116431693,2.447939350071128,2.303098904677441,2.338122178020348,2.304837221271564,2.112300857963989,2.245508150869119,2.21298100104748,2.348807205448604,2.200594243084037,2.190448259722799,2.264944888036948,2.224488010618621,2.296319057079166,2.249457810839712,2.339243240748319,2.217133091218549,2.267918744332516,2.275879579853252
Switzerland,0.6568859107792377,0.7059750594198704,0.7539971768856049,0.7919531166553497,0.8192461698096395,0.8966364638582468,0.9175086949269772,0.9038211864124537,0.9995436065176725,0.9555405466406941,0.99194298821491,0.9472936463816166,1.05261837398535,1.036762506714426,1.033162955895886,1.106015590287045,1.104983139310241,1.082671187169612,1.12591851159066,1.090894061841726,1.165595715157419,1.223508259114772,1.216300105188072,1.225575447742909,1.14538643358919,1.193851344844043,1.226059879416496,1.24579846850872,1.243706346278727,1.306712061153591,1.238383218753964,1.196247519309819,1.279138468813241,1.286372203055218,1.344333291397244,1.311610566944927,1.400855581291914,1.30407976688996,1.290093312094212,1.27137529580459,1.219621851494759,1.26913480157122,1.254937765286714,1.296681172022102,1.292964402623884,1.259209127682019,1.19532272533845,1.263348302421141,1.296165411960771,1.237421767011732,1.209949001492541,1.13803383445045,1.140648953645267,1.15846179356914,1.208843285604976,1.112298237376772,1.075352418156341,1.049404639683611
Taiwan,0.2532876218241024,0.2713538485586786,0.2961635892256642,0.3402277159203148,0.3561213185846901,0.3876413612742358,0.4867961019226826,0.5200935619965272,0.6078038576357754,0.5820604632677939,0.6412334665359064,0.7807842329121741,0.8568144036934645,1.012198546402921,1.074492215734313,1.132810352183552,1.060812412230717,1.184449778105406,1.310173046396322,1.36674179507786,1.430434365170967,1.556730572582433,1.685136062458648,1.861274247503188,1.975441045793051,2.104487914180261,2.225238257449751,2.364332659171271,2.501021956849309,2.654154396482416,2.820996469020914,2.938013891824617,3.110620103772916,3.297768387949302,3.450040524083181,3.669496769125731,3.783486957629977,3.948395400676962,4.125773276482857,4.300373190102742,4.356878521881479,4.471942086981257,4.659609249495142,4.505795310851537,4.386191787472649,4.702593256344191,4.680002460906056,4.637257097441821,4.736719185529791,4.841956793642579,4.837462869609071,4.869805293954567,4.862796609941579,4.928911241865184,4.840411826295501,4.704791142141761,4.981031783480613,4.78306525181403
Thailand,0.1105434987694025,0.1317371460609138,0.1500422218814492,0.1924981009215117,0.2033078293316066,0.2421847716905177,0.2682612640783191,0.325536499498412,0.3451961101964116,0.3591541647911072,0.3964222576469183,0.4186235624365509,0.4605217431671917,0.491193070076406,0.5220261793583632,0.5233011385425925,0.5263123579107913,0.5393608721030655,0.591295995806571,0.655618096110405,0.6850504248589878,0.7292366487056838,0.8324115759178377,0.9367854388368178,1.084139908641212,1.274643810750763,1.406299236074576,1.538707525944286,1.745982917940436,1.962431719772133,2.215305797896221,2.506327987423053,2.638457514694276,2.430801178162442,2.576051871669752,2.671020533340772,2.816918318603277,3.053721376636677,3.283570899227337,3.564835124248127,3.677863737398244,3.756474471360277,3.885275552949532,3.884752020960334,3.990072136655946,4.251763671221198,4.364554400449299,4.684906406319337,4.711368052674564,4.863551823122916,4.975604439907163,5.079024717578118,5.172219828674554,5.334779293123133,5.337571312453203,4.96563693127411,5.007230555206045,5.0632726865687
Trinidad & Tobago,0.1210523538898468,0.128798580277443,0.1372962034417152,0.1415314382780075,0.1459522323025703,0.1608500954674645,0.1625765729740858,0.2240788901334524,0.2222523580477733,0.2140729897523005,0.1724930061909951,0.1939445935022689,0.201780823690442,0.2031680756153125,0.1795090310644168,0.1726209041464869,0.182270761304126,0.2140690154482238,0.2088623281275737,0.2058724424524339,0.2127680002035506,0.2212248852500979,0.2088495640615452,0.2295144539029647,0.2257971025864187,0.2505598264637459,0.2497999183851323,0.2644072120851138,0.2787031137804201,0.2953557970084255,0.3202990722390064,0.3628845067962683,0.362790647713003,0.3682476764596079,0.4092806040659348,0.4278118085293244,0.4616014773910039,0.5009078819736509,0.5615727174900634,0.6175816770794608,0.6621868909393058,0.7734223753273762,0.79753458858495,0.7858058011014647,0.7792932245176467,0.8419369006764151,0.8268287046230867,0.8139655305904296,0.8290685598576414,0.8248077364518716,0.8002945604685046,0.7100430821901094,0.7534329152775365,0.7131441878319783,0.6769393656291842,0.5945981792413074,0.6099405694881997,0.5912389629325158
Turkey,0.3291600394295529,0.377698385505937,0.390756991924718,0.4551358404569328,0.4968967030290514,0.5280582269188017,0.5845808538142592,0.6531332489103079,0.7401699966285378,0.7548351231962442,0.8412696400191635,0.947501688147895,1.037101238034666,1.096285341191106,1.034142822842114,1.074591884855181,1.084281983668916,1.183252529952583,1.22296472577961,1.287734064809009,1.389933198818346,1.514530302342196,1.726536739639893,1.898584682765426,1.863405381574158,2.023193184995068,2.065393976929591,2.171879616355429,2.360429998574856,2.285811392977269,2.558072172257669,2.790383845197923,2.918822285742457,2.993281011372114,2.914598192085096,3.112843291495924,2.828269883106145,3.094678767342363,3.277038496720732,3.509205291909049,3.588306131924193,3.980998752401515,4.227681878191182,4.242040157599112,4.299365049612446,4.535354743705204,4.845490006176118,5.145812241053706,5.108875547424584,5.263733001668175,5.784270827483169,6.073847064812719,6.434644685285949,6.363344551978846,6.603654268356188,6.492416025999157,6.963609731605477,7.012229348073648
Turkmenistan,0.0,0.0,0.0,0.0,0.0,0.0,0.0,0.0,0.0,0.0,0.0,0.0,0.0,0.0,0.0,0.0,0.0,0.0,0.0,0.0,0.5151746609472277,0.64118666430909,0.6378595914878358,0.6421788654466722,0.6598457101509316,0.5468101156474687,0.5615670551417885,0.5362965139138787,0.4402551843559586,0.4696332824120262,0.3865681459025782,0.5630749504764355,0.4311698404638148,0.5368877477132301,0.5124850008327342,0.4313533734222271,0.5444534346803737,0.4592351995124729,0.634027749895205,0.6278640061782581,0.6357622255595785,0.6424661871573176,0.6234208254393574,0.5114003678972903,0.833764442796887,0.898438614443583,0.9971939964883015,1.08707606507175,0.9656833001571012,1.000938568304494,1.198164271642278,1.186350619065845,1.173694735023901,1.306776763660873,1.285015593741321,1.521713359385693,1.617918084449445,1.652210953380673
United States of America,51.98292379574207,54.89050860662445,56.8027419082223,60.18978723684337,63.30032338271631,65.54102178683496,66.92043098248806,70.25069195532453,73.22326290456598,71.43338548033735,69.55013632743972,73.35543428183874,75.2243275687858,76.89344940128527,77.70384072346465,74.70704816840446,72.49713533539435,69.54530461833845,69.30191345781262,72.84848095667753,72.66328164866691,73.33907839665014,75.8017928946518,79.25359571280997,81.17327324464051,81.38380511350654,81.27471371891531,82.47363954927704,84.20408444620867,85.75339626247562,87.62729476358295,90.58103566469408,91.26091579184833,91.8449943292116,93.47437985514972,95.56353687119343,93.28600991405625,94.6722533553065,94.96840310359944,96.83117696919226,96.87648167151654,96.11322846836802,97.42963127764105,95.05985400371947,90.37991010649043,93.42671566486601,92.61383563473623,90.17230963124945,92.61990039797291,93.58638440643767,92.68932011116776,92.60334637126142,92.94851132541739,96.3538395520155,95.66907457474407,88.57115078467037,93.40209530727411,95.91038001889305
Russia,24.90075040967277,26.4823802372174,27.83155667394112,28.87281618964017,30.14790288009473,31.71569931486429,33.27247098771461,34.98042242252038,36.7560753675685,38.78863517072625,40.70291132558273,42.29015894348557,44.18767054633614,46.10120165346603,47.36345991261116,48.42585689182309,49.45770967774538,50.68891662144155,51.7576078007543,53.71374148396771,0.0,0.0,0.0,0.0,0.0,0.0,0.0,0.0,0.0,0.0,0.0,0.0,0.0,0.0,0.0,0.0,0.0,0.0,0.0,0.0,0.0,0.0,0.0,0.0,0.0,0.0,0.0,0.0,0.0,0.0,0.0,0.0,0.0,0.0,0.0,0.0,0.0,0.0
Ukraine,0.0,0.0,0.0,0.0,0.0,0.0,0.0,0.0,0.0,0.0,0.0,0.0,0.0,0.0,0.0,0.0,0.0,0.0,0.0,0.0,10.01037470940014,10.05460817065165,10.26894995485249,10.27926169918132,9.835404964951604,11.50091041315562,10.78044536050115,9.109990873492608,7.985802013568646,6.825066139048602,6.659118716655684,6.206660102724501,5.986400279447568,5.776754445218401,5.690101022679189,5.707643614350156,5.626441178186817,5.591655993939128,5.730940016689392,5.709138694822684,5.779773461491249,5.847952037197496,5.824373942765003,5.62338967969229,4.790007453490833,5.136892825324765,5.309079672421584,5.194761595177255,4.930446549289555,4.350134850671202,3.612268496008005,3.779983525699565,3.51119104034494,3.643158951636354,3.447587396413895,3.306425815657507,3.363054895889904,2.331002578205995
United Arab Emirates,0.00307631934992969,0.003283348167315125,0.01946432139926553,0.02500096691161394,0.02508813043424487,0.03458012821042537,0.05269690982046724,0.05634054026651383,0.07305520007270574,0.08026384044468403,0.08589314959681035,0.1086848487737179,0.1786734000926018,0.2070029186735153,0.2432173805103302,0.3893630942983627,0.4533421277246475,0.4894775412101746,0.4698549911689759,0.5851684333972931,0.7258807092781068,0.8797940111675263,0.9830775289554596,1.086777054851532,1.224593786193848,1.241829726806641,1.515014799438477,1.464104430675507,1.524493261016846,1.672826897808075,1.745535622886658,1.798876502838135,1.8772430519104,1.922806367744446,1.938128319255829,1.928814843338013,1.94963766842901,2.130095292382181,2.272159065854281,2.430235368088543,2.536553061420023,2.668654602627516,2.946099857007442,3.378241900700994,3.332070955324586,3.500970114300789,3.67535283659615,3.866759212647465,4.079680655672489,4.071157885628331,4.426592805244336,4.601601329528288,4.426821395414644,4.369377066265152,4.472834244600383,4.21517559670697,4.714261927307451,5.049834019258386
United Kingdom,8.338408884933092,8.378999706131866,8.381570819504198,8.681127848793128,8.995429123641697,9.18375485458332,9.013858770230069,9.146514540474758,9.601499584500157,9.11944503970752,8.597697011635564,8.774490417837136,8.938615027119315,8.989894179381592,9.41053956465491,8.572052119536568,8.334690610916809,8.226608753961784,8.259872483185859,8.2562989988602,8.606615269145133,8.845400156046672,8.830569282022436,8.948474160971378,8.959292737660213,9.030216721493442,9.220380254039101,9.163178798171838,9.26901033002459,9.15776268636073,9.189162969051386,9.634661308988113,9.467995648476762,9.546548164965525,9.502676148972359,9.592104970977125,9.691828696732845,9.47307455129414,9.609734297001232,9.688356388446174,9.768536253115538,9.643962614728357,9.376660953465013,9.213586338067728,8.748060243562563,8.9335187268374,8.431354461583908,8.566607721369051,8.537744763501566,8.064403073312366,8.192517461050217,8.106321136422858,8.109833570333375,8.076750469461242,7.907764757137755,7.103740143792638,7.197759762740733,7.314754620761822
Uzbekistan,0.0,0.0,0.0,0.0,0.0,0.0,0.0,0.0,0.0,0.0,0.0,0.0,0.0,0.0,0.0,0.0,0.0,0.0,0.0,0.0,1.677818964070503,1.646399985705962,1.715755172517922,1.727260917239062,1.787416942444154,1.875270690119266,1.852791904856251,1.756510792199647,1.889182935386685,1.853513510960868,1.830199152846568,1.888090541755199,1.868349079223395,1.864834569774866,2.113913794881821,2.158373083895921,2.16552705471921,2.220290366599321,2.035613239574909,2.029224051515103,2.025319158405066,1.896677940646172,2.03149228491807,1.905062735214234,1.890497910688877,1.91227136949563,2.012231488910736,1.955024398718834,1.96322194111228,2.029730061002731,1.937133329740762,1.854113944390612,1.913981751756628,1.921166578636941,1.924666330384473,1.914311837188939,2.030926415042358,2.110462831472701
Venezuela,0.6893451989261639,0.6959042313132046,0.7337370607370933,0.7917584673639315,0.8005436058519033,0.8081113869958356,0.8215627743869675,0.8684703650445176,0.9936616396094944,1.027885733602932,1.069016115545597,1.168887014109932,1.30269853415827,1.331094359493703,1.467553666154118,1.64240598410952,1.703815515143083,1.737627880850859,1.731478792810166,1.765490103388012,1.813582462546985,1.948486649409869,1.946941229269106,2.027967040153031,2.045020848123531,2.1727971903621,2.187508684986038,2.367412690625357,2.342366230151017,2.542782170902337,2.618629842363309,2.551905525950237,2.697680022045452,2.861028647374439,2.863344295111268,2.945943712319532,3.060703639856889,3.096324518323303,2.893598473809936,3.142847570561218,3.23902119713123,3.417566325070889,3.610080763271604,3.54292328611225,3.534642767511492,3.406866292203095,3.491684188762847,3.654400707105494,3.685528250236984,3.539089547031645,3.489361500213264,3.039074946997981,3.063478287759811,2.585513417418398,2.214323923889478,1.818003747348435,2.100074594871009,2.209211822102524
Vietnam,0.1060378707479686,0.1853346643038094,0.255387029144913,0.2648379006423056,0.3128046575002372,0.3263164917007089,0.2909691510722041,0.2820040262304246,0.2976372772827744,0.2213646182790399,0.2460624179802835,0.1424397346563637,0.1523702414706349,0.1580586098134518,0.1703408425673842,0.1949393730610609,0.1953879649840832,0.2086967826153612,0.2181668973604751,0.2200957723753977,0.2219425510422182,0.2405955887080479,0.2708943078906584,0.2707780545084191,0.2580732098797989,0.2776608873518467,0.2826510676644134,0.308854080832386,0.3527006280994415,0.3940032047605515,0.4577497789501381,0.5247818213022994,0.6045059291672135,0.6537965944681168,0.676976330816269,0.7709362372245789,0.8713615666437149,0.9531189895401001,1.027183307299156,1.25198845045414,1.331248602254311,1.220285583238881,1.332985910039936,1.645950911231091,1.683811376230547,1.944810849414277,2.149711039396603,2.247452206546147,2.373996154248831,2.62133232377042,2.986221058941448,3.238302985575715,3.484597215119924,3.910131702727878,4.339456744353056,4.337861282049084,4.342520744171524,4.589142060841751
Western Africa,0.2070966545622986,0.2192260257351078,0.225005357224744,0.2353386690112413,0.2608007532374057,0.2831376973712061,0.3429740581988631,0.3682200003641521,0.4177315366984788,0.4348193231580408,0.4708264234991371,0.5287158036795928,0.5889396401481986,0.6189473893918342,0.6912061006489023,0.7392690369790977,0.8290983776390575,0.863875471044166,0.7925809317073925,0.7283705545906929,0.7819238239468537,0.7718658073624672,0.8071496219364731,0.8613641498603526,0.9083788719894405,0.8850941432071149,0.9442718933604738,1.019822974870559,1.026004010103619,1.011512711661948,1.043697906481097,1.128494964764941,1.126596728900269,1.146917703736377,1.147646819639058,1.231361095115013,1.336834147845168,1.464138635745715,1.443750519615212,1.485180472976479,1.544383800719896,1.404758535084137,1.500085918946114,1.606745786798494,1.502478508264118,1.58050512397617,1.724642552568351,1.81285516277421,1.831816430138845,1.883724029345018,2.162323496563404,2.207631621652637,2.37894416150105,2.654731015639907,2.765290308609238,2.776276351563562,2.979686916220637,3.048754477157204
